secid,реестр,дивиденд,валюта
AFKS,2017-07-13,0.81,RUB
AFKS,2017-12-08,0.68,RUB
AFKS,2018-07-19,0.11,RUB
AFKS,2019-07-18,0.11,RUB
AFKS,2020-07-16,0.13,RUB
AFKS,2021-07-15,0.31,RUB
AFKS,2023-07-19,0.41,RUB
AFKS,2024-07-17,0.52,RUB
AFLT,2017-07-14,17.4795,RUB
AFLT,2018-07-06,12.8053,RUB
AFLT,2019-07-05,2.6877,RUB
AFLT,2025-07-18,5.27,RUB
AFLT,2026-07-17,5.29,RUB
AKRN,2017-07-11,95.0,RUB
AKRN,2017-09-26,235.0,RUB
AKRN,2018-01-23,112.0,RUB
AKRN,2018-06-14,185.0,RUB
AKRN,2018-10-30,40.0,RUB
AKRN,2019-03-22,130.0,RUB
AKRN,2019-06-11,135.0,RUB
AKRN,2019-12-11,101.0,RUB
AKRN,2020-04-14,157.0,RUB
AKRN,2020-06-09,275.0,RUB
AKRN,2021-06-08,30.0,RUB
AKRN,2021-10-11,30.0,RUB
AKRN,2021-12-14,720.0,RUB
AKRN,2022-03-09,240.0,RUB
AKRN,2024-05-19,427.0,RUB
AKRN,2025-06-09,534.0,RUB
AKRN,2025-12-09,189.0,RUB
AKRN,2026-08-10,235.0,RUB
AKRN,2026-11-02,146.0,RUB
ALRS,2017-07-20,8.93,RUB
ALRS,2018-07-14,5.24,RUB
ALRS,2018-10-15,5.93,RUB
ALRS,2019-07-15,4.11,RUB
ALRS,2019-10-14,3.84,RUB
ALRS,2020-07-13,2.63,RUB
ALRS,2021-07-04,9.54,RUB
ALRS,2021-10-19,8.79,RUB
ALRS,2023-10-18,3.77,RUB
ALRS,2024-05-31,2.02,RUB
ALRS,2024-10-19,2.49,RUB
AMEZ,2024-09-28,77.0,RUB
AQUA,2020-09-11,5.0,RUB
AQUA,2021-07-11,4.0,RUB
AQUA,2021-07-11,5.0,RUB
AQUA,2021-09-21,4.0,RUB
AQUA,2021-12-20,4.0,RUB
AQUA,2022-07-11,8.0,RUB
AQUA,2022-09-11,15.0,RUB
AQUA,2022-12-18,15.0,RUB
AQUA,2023-07-11,10.0,RUB
AQUA,2023-09-22,16.0,RUB
AQUA,2023-12-09,19.0,RUB
AQUA,2024-07-08,10.0,RUB
AQUA,2024-10-06,10.0,RUB
AQUA,2024-12-02,20.0,RUB
AQUA,2025-07-07,10.0,RUB
AQUA,2026-07-07,10.0,RUB
AQUA,2026-10-04,10.0,RUB
ASTR,2024-07-09,7.89,RUB
ASTR,2025-01-16,2.644669,RUB
ASTR,2025-07-10,3.1475426377,RUB
ASTR,2026-06-01,4.6765322467,RUB
BANE,2017-12-12,148.31,RUB
BANE,2018-07-09,158.95,RUB
BANE,2019-06-24,158.95,RUB
BANE,2020-07-06,107.81,RUB
BANE,2022-07-11,117.29,RUB
BANE,2023-07-07,199.89,RUB
BANE,2024-07-12,249.69,RUB
BANE,2025-07-14,147.31,RUB
BANE,2026-07-13,69.29,RUB
BANEP,2017-07-12,0.1,RUB
BANEP,2017-12-12,148.31,RUB
BANEP,2018-07-09,158.95,RUB
BANEP,2019-06-24,158.95,RUB
BANEP,2020-07-06,107.81,RUB
BANEP,2021-07-14,0.1,RUB
BANEP,2022-07-11,117.29,RUB
BANEP,2023-07-07,199.89,RUB
BANEP,2024-07-12,249.69,RUB
BANEP,2025-07-14,147.31,RUB
BANEP,2026-07-13,69.29,RUB
BAZA,2026-07-20,7.2,RUB
BELU,2020-06-12,4.0,RUB
BELU,2020-10-26,1.25,RUB
BELU,2021-05-06,11.25,RUB
BELU,2021-10-04,9.095,RUB
BELU,2022-06-17,5.905,RUB
BELU,2022-10-13,18.75,RUB
BELU,2023-01-23,9.375,RUB
BELU,2023-04-26,50.0,RUB
BELU,2023-09-29,40.0,RUB
BELU,2023-12-27,16.88,RUB
BELU,2024-05-13,28.13,RUB
BELU,2024-10-11,12.5,RUB
BELU,2025-06-09,25.0,RUB
BELU,2025-10-18,20.0,RUB
BELU,2026-06-29,10.0,RUB
BELU,2026-10-12,8.0,RUB
BSPB,2017-05-31,1.05,RUB
BSPB,2018-06-04,1.62,RUB
BSPB,2019-06-10,3.71,RUB
BSPB,2020-12-11,3.33,RUB
BSPB,2021-06-07,4.56,RUB
BSPB,2022-08-29,11.81,RUB
BSPB,2023-05-10,21.16,RUB
BSPB,2023-10-09,19.08,RUB
BSPB,2024-05-06,23.37,RUB
BSPB,2024-09-30,27.26,RUB
BSPB,2025-05-05,29.72,RUB
BSPB,2025-10-06,16.61,RUB
BSPB,2026-05-12,26.23,RUB
BSPB,2026-10-05,19.17,RUB
BTBR,2026-07-11,5.19,RUB
BTBR,2026-10-11,4.61,RUB
CARM,2025-12-10,0.08,RUB
CBOM,2019-06-07,0.11,RUB
CHMF,2016-07-05,8.25,RUB
CHMF,2016-09-16,19.66,RUB
CHMF,2016-12-13,24.96,RUB
CHMF,2017-06-20,24.44,RUB
CHMF,2017-06-20,27.73,RUB
CHMF,2017-09-26,22.28,RUB
CHMF,2017-12-05,35.61,RUB
CHMF,2018-06-19,27.72,RUB
CHMF,2018-06-19,38.32,RUB
CHMF,2018-09-25,45.94,RUB
CHMF,2018-12-04,44.39,RUB
CHMF,2019-05-07,32.08,RUB
CHMF,2019-06-18,35.43,RUB
CHMF,2019-09-17,26.72,RUB
CHMF,2019-12-03,27.47,RUB
CHMF,2020-06-16,26.26,RUB
CHMF,2020-06-16,27.35,RUB
CHMF,2020-09-08,15.44,RUB
CHMF,2020-12-08,37.34,RUB
CHMF,2021-06-01,36.27,RUB
CHMF,2021-06-01,46.77,RUB
CHMF,2021-09-02,84.45,RUB
CHMF,2021-12-14,85.93,RUB
CHMF,2024-06-18,38.3,RUB
CHMF,2024-06-18,191.51,RUB
CHMF,2024-09-10,31.06,RUB
CHMF,2024-12-17,49.06,RUB
CNRU,2025-12-12,104.0,RUB
CNRU,2026-06-22,53.0,RUB
DATA,2025-06-06,0.86,RUB
DATA,2025-06-06,2.57,RUB
DATA,2026-06-10,0.71,RUB
DATA,2026-06-10,5.72,RUB
DELI,2024-10-07,1.0,RUB
DIAS,2024-03-21,75.68,RUB
DIAS,2024-07-09,28.6,RUB
DIAS,2024-09-22,45.0,RUB
DIAS,2025-01-08,45.0,RUB
DIAS,2025-03-21,53.3,RUB
DIAS,2025-07-08,80.0,RUB
DIAS,2025-12-22,18.0,RUB
DIAS,2026-03-23,102.0,RUB
DIAS,2026-09-21,16.0,RUB
DOMRF,2026-07-20,246.88,RUB
DSKY,2017-07-17,3.48,RUB
DSKY,2017-12-15,2.97,RUB
DSKY,2018-05-29,3.88,RUB
DSKY,2018-12-26,4.39,RUB
DSKY,2019-05-27,4.45,RUB
DSKY,2019-12-17,5.06,RUB
DSKY,2020-07-11,3.0,RUB
DSKY,2020-09-29,2.5,RUB
DSKY,2020-12-28,5.08,RUB
DSKY,2021-07-11,6.07,RUB
DSKY,2021-12-26,5.2,RUB
ELMT,2024-07-11,0.0018,RUB
ELMT,2025-07-14,0.003535,RUB
ETLN,2020-11-20,12.0,RUB
ETLN,2021-12-10,9.39,RUB
EUTR,2023-12-10,8.88,RUB
EUTR,2024-07-09,2.5,RUB
EUTR,2024-07-09,16.72,RUB
EUTR,2024-10-19,4.32,RUB
EUTR,2025-01-15,6.48,RUB
EUTR,2025-07-17,3.0,RUB
EUTR,2025-07-17,14.19,RUB
EUTR,2025-10-20,8.18,RUB
EUTR,2026-01-14,9.17,RUB
FEES,2017-07-19,0.001116473,RUB
FEES,2017-07-19,0.0142663525,RUB
FEES,2018-07-18,0.014815,RUB
FEES,2019-07-16,0.0160429,RUB
FEES,2020-01-13,0.00880960765,RUB
FEES,2020-05-29,0.009494338212,RUB
FEES,2021-07-16,0.0161,RUB
FIXR,2026-05-19,0.11,RUB
FLOT,2021-07-05,6.67,RUB
FLOT,2023-07-05,4.3,RUB
FLOT,2024-01-07,6.32,RUB
FLOT,2024-07-20,11.27,RUB
FLOT,2026-07-16,4.87,RUB
GAZP,2013-05-13,5.99,RUB
GAZP,2014-07-17,7.2,RUB
GAZP,2015-07-16,7.2,RUB
GAZP,2016-07-20,7.89,RUB
GAZP,2017-07-20,8.0397,RUB
GAZP,2018-07-19,8.04,RUB
GAZP,2019-07-18,16.61,RUB
GAZP,2020-07-16,15.24,RUB
GAZP,2021-07-15,12.55,RUB
GAZP,2022-07-20,52.53,RUB
GAZP,2022-10-11,51.03,RUB
GCHE,2014-11-21,34.44,RUB
GCHE,2015-04-17,54.6,RUB
GCHE,2015-10-09,22.75,RUB
GCHE,2016-05-03,22.75,RUB
GCHE,2017-05-01,13.65,RUB
GCHE,2017-10-07,59.82,RUB
GCHE,2018-04-03,75.07,RUB
GCHE,2018-10-08,20.48,RUB
GCHE,2019-04-07,101.63,RUB
GCHE,2019-10-07,48.79,RUB
GCHE,2020-04-07,60.92,RUB
GCHE,2020-10-05,48.79,RUB
GCHE,2021-04-05,134.0,RUB
GCHE,2021-10-03,85.27,RUB
GCHE,2022-12-12,148.05,RUB
GCHE,2023-09-29,118.43,RUB
GCHE,2024-04-07,205.38,RUB
GCHE,2024-09-29,142.11,RUB
GCHE,2025-04-07,98.92,RUB
GCHE,2026-04-07,229.37,RUB
GCHE,2026-10-11,120.19,RUB
GEMC,2021-09-27,73.52,RUB
GEMC,2021-12-15,36.2,RUB
GMKN,2014-06-06,4.857,RUB
GMKN,2014-12-11,7.892,RUB
GMKN,2015-05-13,6.936,RUB
GMKN,2015-09-14,3.158,RUB
GMKN,2015-12-19,3.333,RUB
GMKN,2016-06-21,2.382,RUB
GMKN,2016-12-28,4.599,RUB
GMKN,2017-06-23,4.618,RUB
GMKN,2017-10-19,2.321,RUB
GMKN,2018-07-17,6.294,RUB
GMKN,2018-10-01,8.033,RUB
GMKN,2019-06-21,8.204,RUB
GMKN,2019-10-07,9.15,RUB
GMKN,2019-12-27,6.254,RUB
GMKN,2020-05-25,5.768,RUB
GMKN,2020-12-24,6.453,RUB
GMKN,2021-06-01,10.57,RUB
GMKN,2022-01-14,15.49,RUB
GMKN,2022-06-14,11.86,RUB
GMKN,2023-12-26,9.153,RUB
GMKN,2026-10-12,1.85,RUB
GTRK,2019-06-28,1.72,RUB
HEAD,2024-12-17,907.0,RUB
HEAD,2025-09-27,233.0,RUB
HEAD,2026-05-11,233.0,RUB
HEAD,2026-09-28,200.0,RUB
HNFG,2024-06-03,30.0,RUB
HNFG,2024-12-09,8.38,RUB
HNFG,2024-12-09,9.62,RUB
HNFG,2025-06-02,20.0,RUB
HNFG,2025-12-12,12.0,RUB
HNFG,2026-06-08,17.0,RUB
HYDR,2017-07-10,0.0466245,RUB
HYDR,2018-07-06,0.0263335,RUB
HYDR,2019-07-09,0.0367388,RUB
HYDR,2020-10-10,0.0357,RUB
HYDR,2021-07-10,0.053,RUB
HYDR,2022-07-10,0.05304937,RUB
HYDR,2023-07-11,0.050254795,RUB
IRAO,2011-05-17,1.544e-05,RUB
IRAO,2015-06-09,0.001039679119,RUB
IRAO,2016-06-21,0.0178230516552,RUB
IRAO,2017-06-20,0.14682,RUB
IRAO,2018-06-01,0.13038,RUB
IRAO,2019-05-31,0.17164,RUB
IRAO,2020-06-01,0.19619,RUB
IRAO,2021-06-07,0.18,RUB
IRAO,2022-06-10,0.23658,RUB
IRAO,2023-05-30,0.283655318019,RUB
IRAO,2024-06-03,0.325999263608,RUB
IRAO,2025-06-09,0.353756516889,RUB
IRAO,2026-06-09,0.321425305785,RUB
KAZT,2017-05-10,1.0,RUB
KAZT,2017-10-08,1.0,RUB
KAZT,2018-01-08,1.0,RUB
KAZT,2018-05-10,2.0,RUB
KAZT,2018-12-23,2.0,RUB
KAZT,2019-05-07,5.0,RUB
KAZT,2019-09-23,1.0,RUB
KAZT,2019-12-29,1.0,RUB
KAZT,2021-05-11,6.85,RUB
KAZT,2021-12-22,10.0,RUB
KAZT,2022-05-23,17.4,RUB
KAZT,2022-10-03,15.0,RUB
KAZT,2023-05-22,35.0,RUB
KAZT,2023-12-12,14.0,RUB
KAZT,2024-05-27,15.0,RUB
KAZT,2024-12-03,7.0,RUB
KAZT,2025-05-26,2.5,RUB
KAZT,2025-09-23,4.0,RUB
KLVZ,2025-07-02,0.05,RUB
KMAZ,2017-07-12,0.42,RUB
KMAZ,2021-06-16,0.54,RUB
KMAZ,2023-07-11,1.84,RUB
KMAZ,2024-07-16,4.49,RUB
KOGK,2023-06-15,1.0,RUB
KOGK,2024-06-25,1.0,RUB
KZOS,2017-04-24,5.0726,RUB
KZOS,2018-06-18,4.253,RUB
KZOS,2019-05-06,7.792,RUB
KZOS,2020-07-10,4.55,RUB
KZOS,2021-05-06,3.36,RUB
KZOS,2021-09-20,5.745,RUB
KZOS,2022-07-11,3.9741,RUB
KZOS,2023-07-11,9.1,RUB
KZOS,2024-07-09,6.22,RUB
KZOS,2025-07-10,4.15,RUB
KZOS,2026-06-29,2.85,RUB
KZOSP,2017-04-24,0.25,RUB
KZOSP,2018-06-18,0.25,RUB
KZOSP,2019-05-06,0.25,RUB
KZOSP,2020-07-10,0.25,RUB
KZOSP,2021-05-06,0.25,RUB
KZOSP,2021-09-20,0.25,RUB
KZOSP,2022-07-11,0.25,RUB
KZOSP,2023-07-11,0.25,RUB
KZOSP,2024-07-09,0.25,RUB
KZOSP,2025-07-10,0.25,RUB
KZOSP,2026-06-29,0.25,RUB
LEAS,2024-06-11,25.0,RUB
LEAS,2024-12-15,50.0,RUB
LEAS,2025-06-07,29.0,RUB
LEAS,2025-12-14,58.0,RUB
LKOH,2017-07-10,120.0,RUB
LKOH,2017-12-22,85.0,RUB
LKOH,2018-07-11,130.0,RUB
LKOH,2018-12-21,95.0,RUB
LKOH,2019-07-09,155.0,RUB
LKOH,2019-12-20,192.0,RUB
LKOH,2020-07-10,350.0,RUB
LKOH,2020-12-18,46.0,RUB
LKOH,2021-07-05,213.0,RUB
LKOH,2021-12-21,340.0,RUB
LKOH,2022-12-21,256.0,RUB
LKOH,2022-12-21,537.0,RUB
LKOH,2023-06-05,438.0,RUB
LKOH,2023-12-17,447.0,RUB
LKOH,2024-05-07,498.0,RUB
LKOH,2024-12-17,514.0,RUB
LKOH,2025-06-03,541.0,RUB
LKOH,2026-01-12,397.0,RUB
LKOH,2026-05-04,278.0,RUB
LMBZ,2025-07-07,3.5,RUB
LMBZ,2026-07-07,2.5,RUB
LSNGP,2017-06-26,8.107405,RUB
LSNGP,2018-06-19,13.4682,RUB
LSNGP,2019-07-01,11.1364,RUB
LSNGP,2020-06-11,13.6226,RUB
LSNGP,2021-06-29,15.1688,RUB
LSNGP,2022-06-10,21.2238,RUB
LSNGP,2023-01-08,0.4435,RUB
LSNGP,2023-06-27,18.8302,RUB
LSNGP,2024-07-02,22.2453,RUB
LSNGP,2025-07-03,25.9523,RUB
LSNGP,2026-06-17,36.7247,RUB
LSRG,2017-06-20,78.0,RUB
LSRG,2018-07-10,78.0,RUB
LSRG,2019-07-10,78.0,RUB
LSRG,2020-05-12,30.0,RUB
LSRG,2020-10-12,20.0,RUB
LSRG,2021-05-11,39.0,RUB
LSRG,2023-07-07,78.0,RUB
LSRG,2024-05-02,100.0,RUB
LSRG,2025-04-29,78.0,RUB
LSRG,2026-07-13,78.0,RUB
MAGN,2017-06-06,1.242,RUB
MAGN,2017-10-10,0.869,RUB
MAGN,2017-12-19,1.111,RUB
MAGN,2018-06-13,0.806,RUB
MAGN,2018-06-25,0.801,RUB
MAGN,2018-10-09,1.589,RUB
MAGN,2018-12-18,2.114,RUB
MAGN,2019-06-11,1.398,RUB
MAGN,2019-06-20,1.488,RUB
MAGN,2019-10-15,0.69,RUB
MAGN,2020-01-15,1.65,RUB
MAGN,2020-06-17,1.507,RUB
MAGN,2020-09-23,0.607,RUB
MAGN,2021-01-14,2.391,RUB
MAGN,2021-06-17,0.945,RUB
MAGN,2021-06-17,1.795,RUB
MAGN,2021-09-27,3.53,RUB
MAGN,2022-01-13,2.663,RUB
MAGN,2022-04-01,3.55,RUB
MAGN,2024-06-10,2.752,RUB
MAGN,2024-10-17,2.494,RUB
MBNK,2025-07-11,89.31,RUB
MBNK,2026-07-10,96.12,RUB
MDMG,2016-09-09,3.8,RUB
MDMG,2017-04-28,4.5,RUB
MDMG,2017-09-19,4.67,RUB
MDMG,2018-04-25,6.0,RUB
MDMG,2019-05-24,10.65,RUB
MDMG,2020-09-16,18.5,RUB
MDMG,2020-09-18,9.8,RUB
MDMG,2021-05-05,19.0,RUB
MDMG,2021-09-24,18.0,RUB
MDMG,2022-11-07,8.55,RUB
MDMG,2024-06-20,141.0,RUB
MDMG,2024-09-09,22.0,RUB
MDMG,2024-11-29,20.0,RUB
MDMG,2025-05-19,22.0,RUB
MDMG,2025-10-20,42.0,RUB
MDMG,2026-07-14,47.0,RUB
MGKL,2024-06-04,0.08,RUB
MGKL,2025-07-07,0.15,RUB
MGKL,2026-07-17,0.28,RUB
MGNT,2014-06-30,89.15,RUB
MGNT,2014-10-10,78.3,RUB
MGNT,2014-12-30,152.07,RUB
MGNT,2015-06-19,132.57,RUB
MGNT,2015-10-09,88.4,RUB
MGNT,2016-01-08,179.77,RUB
MGNT,2016-06-17,42.3,RUB
MGNT,2016-09-23,84.6,RUB
MGNT,2016-12-23,126.12,RUB
MGNT,2017-06-23,67.41,RUB
MGNT,2017-09-15,115.51,RUB
MGNT,2018-07-06,135.5,RUB
MGNT,2018-12-21,137.38,RUB
MGNT,2019-06-14,166.78,RUB
MGNT,2020-01-10,147.19,RUB
MGNT,2020-06-19,157.0,RUB
MGNT,2021-01-08,245.31,RUB
MGNT,2021-06-25,245.31,RUB
MGNT,2021-12-31,294.37,RUB
MGNT,2024-01-11,412.13,RUB
MGNT,2024-07-15,412.13,RUB
MOEX,2017-05-16,7.68,RUB
MOEX,2017-09-29,2.49,RUB
MOEX,2018-05-15,5.47,RUB
MOEX,2019-05-14,7.7,RUB
MOEX,2020-05-15,7.93,RUB
MOEX,2021-05-14,9.45,RUB
MOEX,2023-06-16,4.84,RUB
MOEX,2024-06-14,17.35,RUB
MOEX,2025-07-10,26.11,RUB
MOEX,2026-07-09,19.57,RUB
MRKC,2015-07-07,0.0197,RUB
MRKC,2016-06-27,0.0108,RUB
MRKC,2017-06-21,0.044215195,RUB
MRKC,2018-06-13,0.0208212,RUB
MRKC,2019-06-10,0.0207533,RUB
MRKC,2020-01-13,0.0200649,RUB
MRKC,2021-06-11,0.0335,RUB
MRKC,2022-06-28,0.0338114,RUB
MRKC,2023-01-08,0.034,RUB
MRKC,2023-06-23,0.01121,RUB
MRKC,2024-07-04,0.06621,RUB
MRKC,2025-06-25,0.067638,RUB
MRKC,2026-07-02,0.0385,RUB
MRKP,2017-06-16,0.011793,RUB
MRKP,2018-06-12,0.040247,RUB
MRKP,2019-06-25,0.040746,RUB
MRKP,2020-01-14,0.0163239,RUB
MRKP,2021-06-15,0.0259,RUB
MRKP,2022-06-27,0.02782,RUB
MRKP,2023-01-08,0.03015,RUB
MRKP,2023-06-23,0.00204,RUB
MRKP,2024-06-28,0.03883,RUB
MRKP,2025-07-01,0.050215,RUB
MRKP,2026-06-30,0.0725,RUB
MRKU,2017-06-20,0.0083,RUB
MRKU,2018-06-13,0.0216,RUB
MRKU,2019-06-03,0.003,RUB
MRKU,2020-01-14,0.0032,RUB
MRKU,2020-06-09,0.0073,RUB
MRKU,2022-06-28,0.0249,RUB
MRKU,2023-01-08,0.01893,RUB
MRKU,2023-06-23,0.00504,RUB
MRKU,2024-06-14,0.03836,RUB
MRKU,2024-06-14,0.05441,RUB
MRKU,2025-07-07,0.03741,RUB
MRKU,2026-07-01,0.0612,RUB
MRKV,2017-06-26,0.00723,RUB
MRKV,2018-06-13,0.01484178,RUB
MRKV,2019-06-10,0.01318622,RUB
MRKV,2020-01-14,0.0053946,RUB
MRKV,2020-06-09,0.00106762,RUB
MRKV,2022-06-28,0.00032305,RUB
MRKV,2024-07-04,0.0062,RUB
MRKV,2025-07-09,0.0074,RUB
MRKV,2026-07-02,0.0212,RUB
MRKY,2018-06-20,0.0054,RUB
MRKY,2019-06-19,0.00684170205,RUB
MRKY,2026-06-24,0.0037699687491,RUB
MRKZ,2017-06-26,0.0011608,RUB
MRKZ,2019-06-25,0.003985,RUB
MRKZ,2020-01-14,0.002,RUB
MRKZ,2020-06-09,0.0012724293,RUB
MSNG,2017-06-14,0.06982,RUB
MSNG,2018-06-18,0.16595,RUB
MSNG,2019-07-02,0.21004,RUB
MSNG,2020-07-08,0.12075,RUB
MSNG,2021-07-05,0.17945,RUB
MSNG,2022-07-11,0.22308,RUB
MSNG,2023-07-04,0.18652,RUB
MSNG,2024-07-09,0.16038,RUB
MSNG,2026-03-03,0.22606373615,RUB
MSNG,2026-07-14,0.27170279181,RUB
MSRS,2017-06-21,0.031205,RUB
MSRS,2018-06-18,0.03163,RUB
MSRS,2019-06-25,0.059,RUB
MSRS,2020-01-14,0.04237,RUB
MSRS,2020-06-09,0.02546,RUB
MSRS,2021-06-01,0.0493,RUB
MSRS,2022-07-03,0.095,RUB
MSRS,2023-01-08,0.0849,RUB
MSRS,2023-06-30,0.0121,RUB
MSRS,2024-07-05,0.14282,RUB
MSRS,2025-07-08,0.15054,RUB
MSRS,2026-07-03,0.1865,RUB
MTLRP,2017-07-11,10.28,RUB
MTLRP,2018-07-18,16.66,RUB
MTLRP,2019-07-18,18.21,RUB
MTLRP,2020-07-17,3.48,RUB
MTLRP,2021-07-13,1.17,RUB
MTSS,2004-05-05,3.2022,RUB
MTSS,2005-04-28,5.752,RUB
MTSS,2006-05-02,7.6,RUB
MTSS,2007-05-09,9.67,RUB
MTSS,2008-05-05,14.84,RUB
MTSS,2009-05-05,20.15,RUB
MTSS,2010-05-04,15.4,RUB
MTSS,2011-05-05,14.54,RUB
MTSS,2012-05-11,14.71,RUB
MTSS,2013-05-09,14.6,RUB
MTSS,2013-08-15,5.22,RUB
MTSS,2014-07-07,18.6,RUB
MTSS,2014-10-15,6.2,RUB
MTSS,2015-07-08,19.56,RUB
MTSS,2016-07-06,14.01,RUB
MTSS,2016-10-17,5.61,RUB
MTSS,2016-10-17,11.99,RUB
MTSS,2017-07-10,15.6,RUB
MTSS,2017-10-13,10.4,RUB
MTSS,2018-07-09,23.4,RUB
MTSS,2018-10-09,2.6,RUB
MTSS,2019-07-09,19.98,RUB
MTSS,2019-10-14,8.68,RUB
MTSS,2020-01-10,13.25,RUB
MTSS,2020-07-09,20.57,RUB
MTSS,2020-10-12,8.93,RUB
MTSS,2021-07-08,26.51,RUB
MTSS,2021-10-12,10.55,RUB
MTSS,2022-07-12,33.85,RUB
MTSS,2023-06-29,34.29,RUB
MTSS,2024-07-16,35.0,RUB
MTSS,2025-07-07,35.0,RUB
MTSS,2026-07-09,35.0,RUB
MVID,2019-12-16,33.37,RUB
MVID,2020-11-20,30.0,RUB
MVID,2021-05-18,38.0,RUB
MVID,2021-12-16,35.0,RUB
NKHP,2017-07-10,2.359939,RUB
NKHP,2017-09-08,7.406955,RUB
NKHP,2017-12-15,6.8,RUB
NKHP,2018-06-26,5.65712,RUB
NKHP,2018-12-17,17.75,RUB
NKHP,2019-07-09,6.96,RUB
NKHP,2020-01-15,6.36,RUB
NKHP,2020-07-27,0.96,RUB
NKHP,2021-01-14,10.92,RUB
NKHP,2021-07-12,6.27,RUB
NKHP,2021-10-11,9.5,RUB
NKHP,2022-07-11,8.24,RUB
NKHP,2023-07-12,14.62,RUB
NKHP,2024-01-08,29.75,RUB
NKHP,2024-07-12,6.93,RUB
NKHP,2024-10-07,22.19,RUB
NKHP,2024-12-16,17.12,RUB
NKHP,2025-06-30,8.17,RUB
NKHP,2025-10-10,6.54,RUB
NKHP,2025-12-20,9.0,RUB
NKHP,2026-07-06,10.08,RUB
NKNC,2019-04-22,19.94,RUB
NKNC,2020-07-10,9.07,RUB
NKNC,2021-04-27,0.73,RUB
NKNC,2021-09-20,9.538,RUB
NKNC,2022-07-11,0.744,RUB
NKNC,2023-07-11,1.49,RUB
NKNC,2024-07-09,2.94,RUB
NKNC,2025-07-01,2.93,RUB
NKNC,2026-06-30,0.83,RUB
NKNCP,2019-04-22,19.94,RUB
NKNCP,2020-07-10,9.07,RUB
NKNCP,2021-04-27,0.73,RUB
NKNCP,2021-09-20,9.538,RUB
NKNCP,2022-07-11,0.744,RUB
NKNCP,2023-07-11,1.49,RUB
NKNCP,2024-07-09,2.94,RUB
NKNCP,2025-07-01,2.93,RUB
NKNCP,2026-06-30,0.83,RUB
NLMK,2017-06-14,2.35,RUB
NLMK,2017-06-14,3.38,RUB
NLMK,2017-10-12,3.2,RUB
NLMK,2018-01-09,5.13,RUB
NLMK,2018-06-20,3.36,RUB
NLMK,2018-06-20,5.73,RUB
NLMK,2018-10-12,5.24,RUB
NLMK,2019-01-09,6.04,RUB
NLMK,2019-05-06,5.8,RUB
NLMK,2019-06-19,7.34,RUB
NLMK,2019-10-10,3.68,RUB
NLMK,2020-01-09,3.22,RUB
NLMK,2020-06-09,3.12,RUB
NLMK,2020-07-13,3.21,RUB
NLMK,2020-10-12,4.75,RUB
NLMK,2020-12-29,6.43,RUB
NLMK,2021-05-11,7.25,RUB
NLMK,2021-06-23,7.71,RUB
NLMK,2021-09-07,13.62,RUB
NLMK,2021-12-07,13.33,RUB
NLMK,2023-01-11,2.6,RUB
NLMK,2024-05-27,25.43,RUB
NMTP,2013-04-28,0.02362,RUB
NMTP,2014-07-09,0.023364,RUB
NMTP,2015-07-13,0.2336,RUB
NMTP,2016-07-05,0.0519216,RUB
NMTP,2016-09-14,0.467,RUB
NMTP,2017-05-29,0.7788237,RUB
NMTP,2018-10-09,0.519216,RUB
NMTP,2019-01-09,0.2648,RUB
NMTP,2019-06-25,0.5,RUB
NMTP,2020-07-28,1.35,RUB
NMTP,2021-07-12,0.06,RUB
NMTP,2022-07-12,0.54,RUB
NMTP,2023-07-12,0.798,RUB
NMTP,2024-07-10,0.772,RUB
NMTP,2025-07-14,0.9573,RUB
NMTP,2026-07-13,1.1448,RUB
NVTK,2017-05-02,7.0,RUB
NVTK,2017-10-10,6.95,RUB
NVTK,2018-05-03,8.0,RUB
NVTK,2018-10-10,9.25,RUB
NVTK,2019-05-06,16.81,RUB
NVTK,2019-10-10,14.23,RUB
NVTK,2020-05-08,18.1,RUB
NVTK,2020-10-12,11.82,RUB
NVTK,2021-05-07,23.74,RUB
NVTK,2021-10-11,27.67,RUB
NVTK,2022-05-05,43.77,RUB
NVTK,2022-10-09,45.0,RUB
NVTK,2023-05-03,60.58,RUB
NVTK,2023-10-10,34.5,RUB
NVTK,2024-03-26,44.09,RUB
NVTK,2024-10-11,35.5,RUB
NVTK,2025-04-28,46.65,RUB
NVTK,2025-10-06,35.5,RUB
NVTK,2026-04-13,47.23,RUB
NVTK,2026-10-12,35.5,RUB
OGKB,2017-06-20,0.00825304739908,RUB
OGKB,2018-07-10,0.01631902,RUB
OGKB,2019-06-28,0.036784587,RUB
OGKB,2020-07-10,0.0544,RUB
OGKB,2021-07-02,0.06,RUB
OGKB,2022-07-11,0.0965536029864,RUB
OGKB,2023-07-10,0.0580758473514,RUB
OGKB,2025-11-05,0.0598167018,RUB
OZON,2025-12-22,143.55,RUB
OZON,2026-05-26,70.0,RUB
OZPH,2024-12-28,0.18,RUB
OZPH,2025-06-05,0.26,RUB
OZPH,2025-07-03,0.28,RUB
OZPH,2025-10-06,0.25,RUB
OZPH,2026-01-12,0.27,RUB
OZPH,2026-06-03,0.27,RUB
OZPH,2026-07-08,0.27,RUB
OZPH,2026-09-29,0.49,RUB
PHOR,2015-07-25,20.0,RUB
PHOR,2015-10-17,15.0,RUB
PHOR,2016-01-26,48.0,RUB
PHOR,2016-06-11,57.0,RUB
PHOR,2016-08-10,63.0,RUB
PHOR,2016-10-14,33.0,RUB
PHOR,2017-01-04,21.0,RUB
PHOR,2017-01-27,39.0,RUB
PHOR,2017-06-13,30.0,RUB
PHOR,2017-10-13,24.0,RUB
PHOR,2018-06-13,15.0,RUB
PHOR,2018-07-23,24.0,RUB
PHOR,2018-10-12,45.0,RUB
PHOR,2019-02-04,72.0,RUB
PHOR,2019-06-10,51.0,RUB
PHOR,2019-07-10,72.0,RUB
PHOR,2019-10-15,54.0,RUB
PHOR,2020-02-04,48.0,RUB
PHOR,2020-06-02,18.0,RUB
PHOR,2020-07-06,78.0,RUB
PHOR,2020-10-15,33.0,RUB
PHOR,2020-12-25,123.0,RUB
PHOR,2021-06-07,63.0,RUB
PHOR,2021-07-05,105.0,RUB
PHOR,2021-09-24,156.0,RUB
PHOR,2021-12-20,234.0,RUB
PHOR,2022-10-03,390.0,RUB
PHOR,2022-12-19,318.0,RUB
PHOR,2023-04-04,465.0,RUB
PHOR,2023-07-11,264.0,RUB
PHOR,2023-10-11,126.0,RUB
PHOR,2023-12-25,291.0,RUB
PHOR,2024-07-11,15.0,RUB
PHOR,2024-07-11,294.0,RUB
PHOR,2024-09-22,117.0,RUB
PHOR,2024-12-22,126.0,RUB
PHOR,2025-06-09,87.0,RUB
PHOR,2025-07-05,201.0,RUB
PHOR,2025-10-01,273.0,RUB
PIKK,2018-09-04,22.71,RUB
PIKK,2019-06-03,22.71,RUB
PIKK,2020-10-12,22.71,RUB
PIKK,2021-05-17,22.51,RUB
PIKK,2021-05-17,22.92,RUB
PLZL,2017-07-17,15.24,RUB
PLZL,2017-09-25,10.43,RUB
PLZL,2018-06-10,14.71,RUB
PLZL,2018-10-18,13.11,RUB
PLZL,2019-05-16,14.36,RUB
PLZL,2019-10-10,16.3,RUB
PLZL,2020-08-28,24.48,RUB
PLZL,2020-10-20,24.02,RUB
PLZL,2021-06-07,38.72,RUB
PLZL,2021-10-11,26.75,RUB
PLZL,2023-06-16,42.87,RUB
PLZL,2024-12-13,127.8,RUB
PLZL,2025-04-25,73.0,RUB
PLZL,2025-10-13,70.85,RUB
PLZL,2025-12-22,36.0,RUB
PLZL,2026-05-18,56.8,RUB
PLZL,2026-07-13,29.05,RUB
POSI,2022-05-08,14.4,RUB
POSI,2022-11-14,5.16,RUB
POSI,2023-04-16,37.87,RUB
POSI,2023-05-22,18.94,RUB
POSI,2023-12-03,15.8,RUB
POSI,2024-04-20,47.3,RUB
POSI,2024-05-24,4.56,RUB
POSI,2024-05-24,47.33,RUB
POSI,2026-05-17,28.08,RUB
PRMD,2026-06-20,8.0,RUB
RAGR,2015-10-02,6.13,RUB
RAGR,2016-05-27,7.84,RUB
RAGR,2016-09-23,2.12,RUB
RAGR,2017-04-13,4.9,RUB
RAGR,2017-09-14,2.03,RUB
RAGR,2018-04-12,2.38,RUB
RAGR,2018-09-14,1.11,RUB
RAGR,2019-04-26,3.66,RUB
RAGR,2019-09-13,3.29,RUB
RAGR,2020-04-17,2.21,RUB
RAGR,2020-09-18,0.39,RUB
RAGR,2021-04-16,12.95,RUB
RAGR,2021-09-10,9.27,RUB
RAGR,2026-08-06,16.48,RUB
RASP,2019-10-20,2.5,RUB
RASP,2020-06-08,2.83,RUB
RASP,2020-10-15,2.7,RUB
RASP,2021-06-07,5.7,RUB
RASP,2021-10-04,23.0,RUB
RASP,2022-01-18,28.0,RUB
RENI,2023-10-10,7.7,RUB
RENI,2024-07-05,2.3,RUB
RENI,2024-12-20,3.6,RUB
RENI,2025-07-15,6.4,RUB
RENI,2025-12-19,4.1,RUB
ROSN,2017-07-03,5.98,RUB
ROSN,2017-10-10,3.83,RUB
ROSN,2018-07-02,6.65,RUB
ROSN,2018-10-09,14.58,RUB
ROSN,2019-06-17,11.33,RUB
ROSN,2019-10-11,15.34,RUB
ROSN,2020-06-15,18.07,RUB
ROSN,2021-06-15,6.94,RUB
ROSN,2021-10-11,18.03,RUB
ROSN,2022-07-11,23.63,RUB
ROSN,2023-01-12,20.39,RUB
ROSN,2023-07-11,17.97,RUB
ROSN,2024-01-11,30.77,RUB
ROSN,2024-07-09,29.01,RUB
ROSN,2025-01-10,36.47,RUB
ROSN,2025-07-20,14.68,RUB
ROSN,2026-01-12,11.56,RUB
ROSN,2026-07-09,2.27,RUB
RSTI,2017-07-19,0.00621446,RUB
RSTI,2018-07-09,0.011965,RUB
RSTI,2019-07-08,0.02443,RUB
RSTI,2020-06-15,0.0885155625,RUB
RSTI,2021-07-16,0.0245,RUB
RTKM,2012-05-28,4.6959,RUB
RTKM,2013-04-30,2.4369,RUB
RTKM,2014-07-14,3.11595986008,RUB
RTKM,2015-07-03,3.34108279423,RUB
RTKM,2016-05-03,5.91546694627,RUB
RTKM,2017-07-07,5.38700204559,RUB
RTKM,2018-07-08,5.0458,RUB
RTKM,2019-01-13,2.5,RUB
RTKM,2019-07-04,2.5,RUB
RTKM,2020-08-21,5.0,RUB
RTKM,2021-07-12,5.0,RUB
RTKM,2022-07-20,4.56,RUB
RTKM,2023-12-01,5.4465,RUB
RTKM,2024-09-27,6.06,RUB
RTKM,2025-08-13,2.71,RUB
RTKM,2026-07-20,2.71,RUB
RTKMP,2012-05-28,4.6959,RUB
RTKMP,2013-04-30,4.1022,RUB
RTKMP,2014-07-14,4.84855541455,RUB
RTKMP,2015-07-03,4.05003390463,RUB
RTKMP,2016-05-03,5.91546694627,RUB
RTKMP,2017-07-07,5.38700204559,RUB
RTKMP,2018-07-08,5.0458,RUB
RTKMP,2019-01-13,2.5,RUB
RTKMP,2019-07-04,2.5,RUB
RTKMP,2020-08-21,5.0,RUB
RTKMP,2021-07-12,5.0,RUB
RTKMP,2022-07-20,4.56,RUB
RTKMP,2023-12-01,5.4465,RUB
RTKMP,2024-09-27,6.06,RUB
RTKMP,2025-08-13,6.25,RUB
RTKMP,2026-07-20,2.71,RUB
RUAL,2015-10-28,0.888384,RUB
RUAL,2016-09-30,1.08,RUB
RUAL,2017-09-08,1.14,RUB
RUAL,2022-10-20,1.21,RUB
SBER,2017-06-14,6.0,RUB
SBER,2018-06-26,12.0,RUB
SBER,2019-06-13,16.0,RUB
SBER,2020-10-05,18.7,RUB
SBER,2021-05-12,18.7,RUB
SBER,2023-05-11,25.0,RUB
SBER,2024-07-11,33.3,RUB
SBER,2025-07-18,34.84,RUB
SBER,2026-07-20,37.64,RUB
SBERP,2017-06-14,6.0,RUB
SBERP,2018-06-26,12.0,RUB
SBERP,2019-06-13,16.0,RUB
SBERP,2020-10-05,18.7,RUB
SBERP,2021-05-12,18.7,RUB
SBERP,2023-05-11,25.0,RUB
SBERP,2024-07-11,33.3,RUB
SBERP,2025-07-18,34.84,RUB
SBERP,2026-07-20,37.64,RUB
SELG,2019-12-24,0.78,RUB
SELG,2020-06-26,1.42,RUB
SELG,2020-11-30,2.55,RUB
SELG,2021-06-25,1.95,RUB
SELG,2022-06-21,4.5,RUB
SELG,2023-12-03,2.0,RUB
SELG,2024-06-15,2.0,RUB
SELG,2024-10-11,4.0,RUB
SFIN,2018-06-08,17.25,RUB
SFIN,2019-06-08,14.5,RUB
SFIN,2023-12-14,39.42,RUB
SFIN,2024-06-17,20.6,RUB
SFIN,2024-12-23,227.6,RUB
SFIN,2025-06-09,83.5,RUB
SFIN,2025-12-25,902.0,RUB
SFIN,2026-05-15,172.0,RUB
SGZH,2022-01-08,0.42,RUB
SGZH,2022-06-02,0.64,RUB
SIBN,2017-06-26,10.68,RUB
SIBN,2017-12-29,10.0,RUB
SIBN,2018-06-26,5.0,RUB
SIBN,2018-12-28,22.05,RUB
SIBN,2019-07-01,7.95,RUB
SIBN,2019-10-18,18.14,RUB
SIBN,2020-06-26,19.82,RUB
SIBN,2020-12-29,5.0,RUB
SIBN,2021-06-25,10.0,RUB
SIBN,2021-12-28,40.0,RUB
SIBN,2022-07-08,16.0,RUB
SIBN,2022-12-30,69.78,RUB
SIBN,2023-07-10,12.16,RUB
SIBN,2023-12-27,82.94,RUB
SIBN,2024-07-08,19.49,RUB
SIBN,2024-10-14,51.96,RUB
SIBN,2025-07-08,27.21,RUB
SIBN,2025-10-13,17.3,RUB
SIBN,2026-07-06,28.11,RUB
SIBN,2026-10-13,42.51,RUB
SMLT,2021-07-10,41.0,RUB
SMLT,2021-10-15,41.0,RUB
SMLT,2022-07-11,41.0,RUB
SMLT,2022-10-12,41.0,RUB
SNGS,2017-07-19,0.6,RUB
SNGS,2018-07-19,0.65,RUB
SNGS,2019-07-18,0.65,RUB
SNGS,2020-07-20,0.65,RUB
SNGS,2021-07-20,0.7,RUB
SNGS,2022-07-20,0.8,RUB
SNGS,2023-07-20,0.8,RUB
SNGS,2024-07-18,0.85,RUB
SNGS,2025-07-17,0.9,RUB
SNGS,2026-07-16,0.85,RUB
SOFL,2026-07-09,0.18,RUB
SVAV,2023-07-10,45.39,RUB
SVAV,2024-07-05,89.0,RUB
SVAV,2025-06-11,70.0,RUB
SVAV,2026-06-11,25.5,RUB
SVCB,2023-11-08,0.25,RUB
SVCB,2024-07-08,1.14,RUB
SVCB,2025-07-08,0.35,RUB
SVCB,2026-07-13,0.35,RUB
T,2017-12-01,1.742,RUB
T,2018-04-03,1.313,RUB
T,2020-05-28,1.0,RUB
T,2020-08-21,1.07,RUB
T,2020-11-25,1.419,RUB
T,2021-03-26,1.322,RUB
T,2024-11-25,9.25,RUB
T,2025-05-16,3.2,RUB
T,2025-07-17,3.3,RUB
T,2025-10-06,3.5,RUB
T,2026-01-08,3.6,RUB
T,2026-05-25,4.5,RUB
T,2026-08-10,4.6,RUB
T,2026-10-12,4.7,RUB
TATN,2017-07-07,22.81,RUB
TATN,2017-12-23,27.78,RUB
TATN,2018-07-06,12.16,RUB
TATN,2018-10-12,30.27,RUB
TATN,2019-01-09,22.26,RUB
TATN,2019-07-05,32.38,RUB
TATN,2019-09-27,40.11,RUB
TATN,2019-12-30,24.36,RUB
TATN,2020-10-12,9.94,RUB
TATN,2021-07-09,12.3,RUB
TATN,2021-10-12,16.52,RUB
TATN,2022-01-10,9.98,RUB
TATN,2022-07-08,16.14,RUB
TATN,2022-10-11,32.71,RUB
TATN,2023-01-10,6.86,RUB
TATN,2023-07-11,27.71,RUB
TATN,2023-10-11,27.54,RUB
TATN,2024-01-09,35.17,RUB
TATN,2024-07-09,25.17,RUB
TATN,2024-10-08,38.2,RUB
TATN,2025-01-08,17.39,RUB
TATN,2025-06-02,43.11,RUB
TATN,2025-10-14,14.35,RUB
TATN,2026-01-11,8.13,RUB
TATN,2026-07-15,11.61,RUB
TATN,2026-10-13,32.88,RUB
TATNP,2017-07-07,22.81,RUB
TATNP,2017-12-23,27.78,RUB
TATNP,2018-07-06,12.16,RUB
TATNP,2018-10-12,30.27,RUB
TATNP,2019-01-09,22.26,RUB
TATNP,2019-07-05,32.38,RUB
TATNP,2019-09-27,40.11,RUB
TATNP,2019-12-30,24.36,RUB
TATNP,2020-06-30,1.0,RUB
TATNP,2020-10-12,9.94,RUB
TATNP,2021-07-09,12.3,RUB
TATNP,2021-10-12,16.52,RUB
TATNP,2022-01-10,9.98,RUB
TATNP,2022-07-08,16.14,RUB
TATNP,2022-10-11,32.71,RUB
TATNP,2023-01-10,6.86,RUB
TATNP,2023-07-11,27.71,RUB
TATNP,2023-10-11,27.54,RUB
TATNP,2024-01-09,35.17,RUB
TATNP,2024-07-09,25.17,RUB
TATNP,2024-10-08,38.2,RUB
TATNP,2025-01-08,17.39,RUB
TATNP,2025-06-02,43.11,RUB
TATNP,2025-10-14,14.35,RUB
TATNP,2026-01-11,8.13,RUB
TATNP,2026-07-15,11.61,RUB
TATNP,2026-10-13,32.88,RUB
TGKA,2017-07-07,0.000345336,RUB
TGKA,2018-06-25,0.0004898,RUB
TGKA,2019-06-26,0.000644605,RUB
TGKA,2020-07-07,0.001036523,RUB
TGKA,2021-07-05,0.001,RUB
TGKA,2022-07-18,0.001125376,RUB
TRMK,2017-06-20,1.96,RUB
TRMK,2018-07-02,2.28,RUB
TRMK,2020-12-07,3.0,RUB
TRMK,2021-04-26,9.67,RUB
TRMK,2021-09-17,17.71,RUB
TRMK,2022-05-27,0.82,RUB
TRMK,2022-09-09,9.68,RUB
TRMK,2023-01-31,6.78,RUB
TRMK,2023-09-05,13.45,RUB
TRMK,2024-06-04,9.51,RUB
TRNFP,2017-09-19,38.75,RUB
TRNFP,2018-07-10,75.78,RUB
TRNFP,2019-07-20,107.06,RUB
TRNFP,2020-10-20,116.12,RUB
TRNFP,2021-07-20,92.24,RUB
TRNFP,2022-07-20,105.0,RUB
TRNFP,2023-07-20,166.7,RUB
TRNFP,2024-07-18,177.2,RUB
TRNFP,2025-07-17,198.25,RUB
TRNFP,2026-07-20,204.17,RUB
TTLK,2017-05-16,0.0091,RUB
TTLK,2018-05-15,0.019222,RUB
TTLK,2019-05-14,0.01932,RUB
TTLK,2020-05-13,0.02021,RUB
TTLK,2021-06-01,0.0393,RUB
TTLK,2022-05-18,0.04285,RUB
TTLK,2023-04-18,0.05085,RUB
TTLK,2024-05-27,0.04887,RUB
TTLK,2025-05-12,0.03775,RUB
TTLK,2026-05-05,0.05725,RUB
UPRO,2017-07-04,0.0173489836955,RUB
UPRO,2017-07-04,0.093676292284,RUB
UPRO,2017-12-18,0.11102527598,RUB
UPRO,2018-07-03,0.111,RUB
UPRO,2018-12-18,0.111,RUB
UPRO,2019-06-25,0.111,RUB
UPRO,2019-12-15,0.111,RUB
UPRO,2020-06-22,0.111,RUB
UPRO,2020-12-20,0.111,RUB
UPRO,2021-06-22,0.1269,RUB
UPRO,2021-12-17,0.19033,RUB
USBN,2024-06-04,0.027378645,RUB
USBN,2026-07-06,0.01999252,RUB
VSEH,2025-09-12,1.0,RUB
VSEH,2026-03-25,2.0,RUB
VSEH,2026-06-22,4.0,RUB
VSMO,2016-10-03,816.0,RUB
VSMO,2017-06-05,1300.0,RUB
VSMO,2017-10-19,762.68,RUB
VSMO,2018-06-06,890.45,RUB
VSMO,2018-10-12,756.0,RUB
VSMO,2019-06-03,873.42,RUB
VSMO,2019-10-11,884.6,RUB
VSMO,2023-06-03,564.0,RUB
VTBR,2017-05-10,2.824,RUB
VTBR,2018-06-04,8.335,RUB
VTBR,2019-06-24,2.65,RUB
VTBR,2020-10-05,1.858,RUB
VTBR,2021-07-15,3.379,RUB
VTBR,2025-07-11,25.58,RUB
VTBR,2026-07-20,9.71,RUB
WUSH,2023-12-04,10.25,RUB
WUSH,2024-12-06,2.11,RUB
X5,2025-07-09,648.0,RUB
X5,2026-01-06,368.0,RUB
X5,2026-07-07,245.0,RUB
YDEX,2024-09-20,80.0,RUB
YDEX,2025-04-28,80.0,RUB
YDEX,2025-09-29,80.0,RUB
YDEX,2026-04-27,110.0,RUB
YDEX,2026-09-21,110.0,RUB
ZAYM,2024-06-09,4.58,RUB
ZAYM,2024-10-06,12.02,RUB
ZAYM,2025-01-14,10.51,RUB
ZAYM,2025-06-28,9.13,RUB
ZAYM,2025-06-29,4.58,RUB
ZAYM,2025-10-14,4.73,RUB
ZAYM,2025-12-15,6.88,RUB
ZAYM,2026-06-28,11.1,RUB
ZAYM,2026-06-30,4.36,RUB
ZAYM,2026-10-10,4.86,RUB
