reg,secid
1-01-00001-G,BTBR
1-01-00010-2285,
1-01-00010-A,AFLT
1-01-00013-A,BANE
1-01-00067-A,KAZT
1-01-00077-4277,
1-01-00077-A,LKOH
1-01-00080-A,CHMK
1-01-00085-A,MSNG
1-01-00099-A,EVRZ
1-01-00102-6452,
1-01-00102-A,NLMK
1-01-00124-3394,
1-01-00124-A,RTKM
1-01-00146-2467,
1-01-00146-A,SIBN
1-01-00155-6258,
1-01-00155-A,SNGS
1-01-01286-G,ASTR
1-01-01622-8,
1-01-01622-8JF7,
1-01-01622-G,PRMD
1-01-01837-A,WTCM
1-01-02461-D,SVAV
1-01-03109-G,HNFG
1-01-03292-5EX7,
1-01-03292-G,WUSH
1-01-03347-D,MRKZ
1-01-03388-D,TGKA
1-01-03536-G,CARM
1-01-04247-E,MRKV
1-01-04461-D,AQUA
1-01-04715-5219,
1-01-04715-A,MTSS
1-01-05421-G,KLVZ
1-01-06636-G,VSEH
1-01-07335-A,APTK
1-01-07856-G,INCB
1-01-08699-G,FIXR
1-01-09188-H,LMBZ
1-01-10214-A,MRKC
1-01-10420-A,TGKB
1-01-10601-Z,RENI
1-01-10601-ZM04,
1-01-10613-A,FLOT
1-01-10613-XNU8,
1-01-10876-P,IVAT
1-01-10877-P,OZPH
1-01-11915-A,MGKL
1-01-12464-K,APRI
1-01-12665-E,MRKP
1-01-14044-A,RAGR
1-01-15521-A,TNSE
1-01-16419-A,LEAS
1-01-16493-A,SMLT
1-01-16625-0K72,
1-01-16625-A,ENPG
1-01-16673-A,ELMT
1-01-16677-25V3,
1-01-16677-A,RUAL
1-01-16686-2S15,
1-01-16686-A,LENT
1-01-16750-A,DELI
1-01-16753-6YF0,
1-01-16753-A,VKCO
1-01-16755-7662,
1-01-16755-A,HEAD
1-01-16767-A,ZAYM
1-01-16773-A,
1-01-16774-A,GEMC
1-01-16777-7T19,
1-01-16777-A,YDEX
1-01-16784-7UL4,
1-01-16784-A,T
1-01-16802-A,MDMG
1-01-16806-A,GLRX
1-01-16812-8X38,
1-01-16812-A,X5
1-01-16918-A,CNRU
1-01-17142-A,ETLN
1-01-17182-A,OZON
1-01-17182-CW95,
1-01-20992-F,KOGK
1-01-29031-H,TRMK
1-01-30202-D,VSMO
1-01-30251-E,NMTP
1-01-30455-D,TUZA
1-01-32341-D,URKZ
1-01-32501-D,MRKU
1-01-32694-F,SELG
1-01-34956-E,MRKY
1-01-36413-N,BAZA
1-01-40155-8411,
1-01-40155-F,GMKN
1-01-45848-H,SOFL
1-01-50020-A,KFBA
1-01-50077-A,ELFV
1-01-50161-A,ORUP
1-01-55005-E,MTLR
1-01-55038-E,HYDR
1-01-55038-PKH7,
1-01-55052-E,BELU
1-01-55052-E-004D,
1-01-55192-E,PLZL
1-01-55192-NAA8,
1-01-55234-E,LSRG
1-01-55385-E,RSTI
1-01-55439-E,SPBE
1-01-60525-KQU8,
1-01-60525-P,MGNT
1-01-65018-D,FEES
1-01-65018-D-105D,
1-01-65116-D,MSRS
1-01-80110-H,EUTR
1-01-82031-H,UWGN
1-01-84777-H,DIAS
1-01-84907-H,GTRK
1-01-85307-H,POSI
1-01-87154-H,SGZH
1-01-87198-H,GECO
1-01-87685-H,DATA
1-02-00028-1625,
1-02-00028-A,GAZP
1-02-00096-A,NKNC
1-02-00122-2Q06,
1-02-00122-A,ROSN
1-02-00143-6510,
1-02-00143-A,CHMF
1-02-00268-E,NVTK
1-02-00268-KVS5,
1-02-00739-A,DOMRF
1-02-00739-ZFU5,
1-02-00844-A,DSKY
1-02-01556-A,PIKK
1-02-06556-A,PHOR
1-02-06556-RKT8,
1-02-10797-A,GCHE
1-02-11700-A,MVID
1-02-30742-E,RTGZ
1-02-33010-D,UGLD
1-02-39134-H,RNFT
1-02-50049-A,TTLK
1-02-55245-D,KZOS
1-02-56453-P,SFIN
1-02-65104-D,UPRO
1-02-65104-NGA5,
1-02-65105-D,OGKB
1-03-00032-A,FESH
1-03-00078-4396,
1-03-00078-A,MAGN
1-03-00161-3591,
1-03-00161-A,TATN
1-03-00207-A,AKRN
1-03-35684-E,NKHP
1-03-40046-N,ALRS
1-03-45219-D,AMEZ
1-04-21725-N,RASP
1-04-33498-E,IRAO
1-04-33498-PNM1,
1-05-01669-A,AFKS
1-05-01669-QZE3,
1-05-08443-H,MOEX
1-05-08443-R4A1,
1-08-55010-D,KMAZ
10100963B,SVCB
10101978B,CBOM
10102268B,MBNK
10200030B,USBN
10300436B,BSPB
10301481B,SBER
10401000B,VTBR
2-01-00013-A,BANEP
2-01-00073-A,LSNGP
2-01-00124-A,RTKMP
2-01-00155-9524,
2-01-00155-A,SNGSP
2-01-00206-1573,
2-01-00206-A,TRNFP
2-01-55005-E,MTLRP
2-02-00096-A,NKNCP
2-02-55245-D,KZOSP
2-03-00161-4147,
2-03-00161-A,TATNP
20301481B,SBERP
28594-N,
