фонд,дата,место,secid,доля_%,балл,из,что_отмечает,долг_ebitda,fcf_отр,roe,рост_прибыли,рост_цены_12м
АК Барс – Акции,2026-07-31,1,MTSS,4.18,5.0,12.0,денежный поток < 0 · капитал < 0,1.97,1.0,-300.5,20.13651877133107,-12.8
АК Барс – Акции,2026-07-31,2,LKOH,2.61,5.0,12.0,ROE 3% · прибыль падает · P/E 44,-0.31,0.0,2.8,-88.32807570977918,-21.8
АК Барс – Акции,2026-07-31,3,PRMD,9.18,3.7,12.0,"денежный поток < 0 · P/B 4,5",1.42,1.0,26.8,146.15384615384616,-10.1
АК Барс – Акции,2026-07-31,4,RENI,2.77,3.0,12.0,денежный поток < 0,,1.0,19.6,1.8518518518518379,-39.5
АК Барс – Акции,2026-07-31,5,NVTK,3.94,2.0,12.0,прибыль падает,-0.05,0.0,6.5,-62.91793313069909,-1.6
АК Барс – Акции,2026-07-31,6,TRNFP,5.21,2.0,12.0,прибыль падает,-0.49,0.0,7.7,-21.411192214111917,-17.4
АК Барс – Акции,2026-07-31,7,VTBR,4.64,2.0,12.0,прибыль падает,,,18.3,-9.639454511488877,-27.5
АК Барс – Акции,2026-07-31,8,OZON,6.01,2.0,12.0,ROE 1%,1.32,0.0,0.6,,-31.9
АК Барс – Акции,2026-07-31,9,MDMG,8.66,0.7,12.0,"P/B 3,8",0.03,0.0,29.5,8.761329305135956,15.8
АК Барс – Акции,2026-07-31,10,CNRU,6.39,0.7,12.0,"P/B 15,3",-1.56,0.0,50.9,56.47058823529414,5.8
АК Барс – Акции,2026-07-31,11,YDEX,8.26,0.7,12.0,"P/B 11,0",0.46,0.0,40.3,40.13875123885033,-6.5
АК Барс – Акции,2026-07-31,12,DATA,2.88,0.7,12.0,"P/B 6,1",-0.95,0.0,49.4,36.92307692307693,-28.9
АК Барс – Акции,2026-07-31,13,BTBR,3.08,0.7,12.0,"P/B 43,6",-0.39,0.0,100.4,5.397727272727271,
АК Барс – Акции,2026-07-31,14,MRKP,8.29,0.0,12.0,,0.05,0.0,20.1,43.90243902439026,10.9
АК Барс – Акции,2026-07-31,15,SBER,7.64,0.0,12.0,,,,22.7,7.901390644753481,-9.3
АК Барс – Акции,2026-07-31,16,T,7.67,0.0,12.0,,,,29.1,44.607843137254896,-15.5
АК Барс – Акции,2026-07-31,17,DOMRF,8.61,0.0,12.0,,,,21.6,35.21341463414635,
АК Барс – Лале,2026-07-31,1,OGKB,0.82,10.0,12.0,"долг 4,4 EBITDA · денежный поток < 0 · ROE -1% · прибыль падает",4.38,1.0,-1.1,-116.95238095238096,-38.8
АК Барс – Лале,2026-07-31,2,NKNC,3.91,8.0,12.0,"долг 3,6 EBITDA · денежный поток < 0 · прибыль падает",3.59,1.0,7.1,-11.726384364820841,-41.9
АК Барс – Лале,2026-07-31,3,CHMF,2.23,6.0,12.0,денежный поток < 0 · прибыль падает · P/E 25,0.16,1.0,6.1,-78.6096256684492,-36.0
АК Барс – Лале,2026-07-31,4,AFLT,1.4,5.7,12.0,"денежный поток < 0 · прибыль падает · P/B 6,1",2.89,1.0,34.0,-64.797507788162,-41.9
АК Барс – Лале,2026-07-31,5,IVAT,2.9,5.7,12.0,"денежный поток < 0 · прибыль падает · P/B 8,6",0.23,1.0,21.8,-25.263157894736842,-62.6
АК Барс – Лале,2026-07-31,6,SIBN,6.83,5.0,12.0,денежный поток < 0 · прибыль падает,1.02,1.0,8.0,-48.738269030239834,-10.2
АК Барс – Лале,2026-07-31,7,LKOH,7.01,5.0,12.0,ROE 3% · прибыль падает · P/E 44,-0.31,0.0,2.8,-88.32807570977918,-21.8
АК Барс – Лале,2026-07-31,8,TGKA,0.76,5.0,12.0,денежный поток < 0 · ROE 1%,2.16,1.0,1.2,103.60824742268039,-24.7
АК Барс – Лале,2026-07-31,9,GAZP,5.33,5.0,12.0,денежный поток < 0 · прибыль падает,2.09,1.0,5.9,-26.488706365503077,-24.9
АК Барс – Лале,2026-07-31,10,KZOS,4.22,5.0,12.0,денежный поток < 0 · прибыль падает,1.43,1.0,5.1,-31.132075471698116,-34.0
АК Барс – Лале,2026-07-31,11,ROSN,6.94,4.0,12.0,ROE 3% · прибыль падает,0.0,0.0,3.2,-72.97047970479704,-17.1
АК Барс – Лале,2026-07-31,12,MSNG,2.12,4.0,12.0,ROE 2% · прибыль падает,0.0,0.0,2.0,-25.44378698224852,-23.1
АК Барс – Лале,2026-07-31,13,MAGN,1.53,4.0,12.0,ROE -2% · прибыль падает,-1.02,0.0,-2.1,-117.64705882352942,-35.6
АК Барс – Лале,2026-07-31,14,MSRS,9.19,3.0,12.0,денежный поток < 0,0.7,1.0,16.2,207.35294117647055,21.0
АК Барс – Лале,2026-07-31,15,NVTK,5.34,2.0,12.0,прибыль падает,-0.05,0.0,6.5,-62.91793313069909,-1.6
АК Барс – Лале,2026-07-31,16,TATN,9.04,2.0,12.0,прибыль падает,-0.1,0.0,12.0,-48.18686703691605,-18.7
АК Барс – Лале,2026-07-31,17,NLMK,1.98,2.0,12.0,прибыль падает,-0.33,0.0,7.1,-48.19376026272578,-34.8
АК Барс – Лале,2026-07-31,18,MRKV,6.74,0.3,12.0,p12 74.6,0.09,0.0,20.8,211.2947658402204,74.6
АК Барс – Лале,2026-07-31,19,MRKZ,5.88,0.3,12.0,p12 54.2,0.29,0.0,21.6,1004.9250535331905,54.2
АК Барс – Лале,2026-07-31,20,MRKP,8.34,0.0,12.0,,0.05,0.0,20.1,43.90243902439026,10.9
АК Барс – Лале,2026-07-31,21,MRKC,7.05,0.0,12.0,,0.88,0.0,15.8,76.82926829268293,-2.5
АК Барс – Максвелл Капитал,2026-07-31,1,SIBN,3.57,5.0,12.0,денежный поток < 0 · прибыль падает,1.02,1.0,8.0,-48.738269030239834,-10.2
АК Барс – Максвелл Капитал,2026-07-31,2,MTSS,5.99,5.0,12.0,денежный поток < 0 · капитал < 0,1.97,1.0,-300.5,20.13651877133107,-12.8
АК Барс – Максвелл Капитал,2026-07-31,3,LKOH,4.78,5.0,12.0,ROE 3% · прибыль падает · P/E 44,-0.31,0.0,2.8,-88.32807570977918,-21.8
АК Барс – Максвелл Капитал,2026-07-31,4,ROSN,1.54,4.0,12.0,ROE 3% · прибыль падает,0.0,0.0,3.2,-72.97047970479704,-17.1
АК Барс – Максвелл Капитал,2026-07-31,5,PRMD,2.29,3.7,12.0,"денежный поток < 0 · P/B 4,5",1.42,1.0,26.8,146.15384615384616,-10.1
АК Барс – Максвелл Капитал,2026-07-31,6,TRNFP,6.95,2.0,12.0,прибыль падает,-0.49,0.0,7.7,-21.411192214111917,-17.4
АК Барс – Максвелл Капитал,2026-07-31,7,TATN,5.35,2.0,12.0,прибыль падает,-0.1,0.0,12.0,-48.18686703691605,-18.7
АК Барс – Максвелл Капитал,2026-07-31,8,X5,1.87,2.0,12.0,прибыль падает,0.8,0.0,97.8,-13.89645776566757,-29.1
АК Барс – Максвелл Капитал,2026-07-31,9,OZON,3.49,2.0,12.0,ROE 1%,1.32,0.0,0.6,,-31.9
АК Барс – Максвелл Капитал,2026-07-31,10,MDMG,5.67,0.7,12.0,"P/B 3,8",0.03,0.0,29.5,8.761329305135956,15.8
АК Барс – Максвелл Капитал,2026-07-31,11,CNRU,1.57,0.7,12.0,"P/B 15,3",-1.56,0.0,50.9,56.47058823529414,5.8
АК Барс – Максвелл Капитал,2026-07-31,12,YDEX,12.76,0.7,12.0,"P/B 11,0",0.46,0.0,40.3,40.13875123885033,-6.5
АК Барс – Максвелл Капитал,2026-07-31,13,DATA,0.92,0.7,12.0,"P/B 6,1",-0.95,0.0,49.4,36.92307692307693,-28.9
АК Барс – Максвелл Капитал,2026-07-31,14,PLZL,4.28,0.7,12.0,"P/B 12,5",1.07,0.0,115.6,2.6797385620914937,-34.6
АК Барс – Максвелл Капитал,2026-07-31,15,BTBR,2.55,0.7,12.0,"P/B 43,6",-0.39,0.0,100.4,5.397727272727271,
АК Барс – Максвелл Капитал,2026-07-31,16,SBER,13.71,0.0,12.0,,,,22.7,7.901390644753481,-9.3
АК Барс – Максвелл Капитал,2026-07-31,17,T,12.31,0.0,12.0,,,,29.1,44.607843137254896,-15.5
АК Барс – Максвелл Капитал,2026-07-31,18,DOMRF,10.38,0.0,12.0,,,,21.6,35.21341463414635,
Альфа – Акции компаний роста,2026-07-31,1,FLOT,2.11,7.0,12.0,денежный поток < 0 · ROE -15% · прибыль падает,0.61,1.0,-14.7,-212.55411255411252,-3.6
Альфа – Акции компаний роста,2026-07-31,2,AFKS,2.04,6.0,12.0,"долг 4,7 EBITDA · денежный поток < 0",4.68,1.0,128.6,,-42.8
Альфа – Акции компаний роста,2026-07-31,3,MTSS,5.98,5.0,12.0,денежный поток < 0 · капитал < 0,1.97,1.0,-300.5,20.13651877133107,-12.8
Альфа – Акции компаний роста,2026-07-31,4,OZPH,4.19,3.7,12.0,"денежный поток < 0 · P/B 2,5",0.74,1.0,18.6,33.839479392624725,-12.4
Альфа – Акции компаний роста,2026-07-31,5,POSI,7.74,3.0,12.0,денежный поток < 0,1.72,1.0,29.9,98.90710382513662,-30.9
Альфа – Акции компаний роста,2026-07-31,6,NVTK,5.75,2.0,12.0,прибыль падает,-0.05,0.0,6.5,-62.91793313069909,-1.6
Альфа – Акции компаний роста,2026-07-31,7,HEAD,10.13,2.0,12.0,прибыль падает,-0.65,0.0,549.2,-14.754098360655732,-20.8
Альфа – Акции компаний роста,2026-07-31,8,X5,5.06,2.0,12.0,прибыль падает,0.8,0.0,97.8,-13.89645776566757,-29.1
Альфа – Акции компаний роста,2026-07-31,9,OZON,5.83,2.0,12.0,ROE 1%,1.32,0.0,0.6,,-31.9
Альфа – Акции компаний роста,2026-07-31,10,SVCB,4.49,2.0,12.0,прибыль падает,,,15.0,-35.317460317460316,-38.1
Альфа – Акции компаний роста,2026-07-31,11,MDMG,5.93,0.7,12.0,"P/B 3,8",0.03,0.0,29.5,8.761329305135956,15.8
Альфа – Акции компаний роста,2026-07-31,12,CNRU,5.44,0.7,12.0,"P/B 15,3",-1.56,0.0,50.9,56.47058823529414,5.8
Альфа – Акции компаний роста,2026-07-31,13,YDEX,10.14,0.7,12.0,"P/B 11,0",0.46,0.0,40.3,40.13875123885033,-6.5
Альфа – Акции компаний роста,2026-07-31,14,SBER,9.07,0.0,12.0,,,,22.7,7.901390644753481,-9.3
Альфа – Акции компаний роста,2026-07-31,15,T,10.36,0.0,12.0,,,,29.1,44.607843137254896,-15.5
Альфа – Акции компаний роста,2026-07-31,16,DOMRF,5.73,0.0,12.0,,,,21.6,35.21341463414635,
Альфа – Акции с выплатой дохода,2026-07-31,1,FLOT,2.09,7.0,12.0,денежный поток < 0 · ROE -15% · прибыль падает,0.61,1.0,-14.7,-212.55411255411252,-3.6
Альфа – Акции с выплатой дохода,2026-07-31,2,MTSS,6.59,5.0,12.0,денежный поток < 0 · капитал < 0,1.97,1.0,-300.5,20.13651877133107,-12.8
Альфа – Акции с выплатой дохода,2026-07-31,3,LKOH,7.41,5.0,12.0,ROE 3% · прибыль падает · P/E 44,-0.31,0.0,2.8,-88.32807570977918,-21.8
Альфа – Акции с выплатой дохода,2026-07-31,4,PRMD,0.98,3.7,12.0,"денежный поток < 0 · P/B 4,5",1.42,1.0,26.8,146.15384615384616,-10.1
Альфа – Акции с выплатой дохода,2026-07-31,5,OZPH,2.34,3.7,12.0,"денежный поток < 0 · P/B 2,5",0.74,1.0,18.6,33.839479392624725,-12.4
Альфа – Акции с выплатой дохода,2026-07-31,6,POSI,3.65,3.0,12.0,денежный поток < 0,1.72,1.0,29.9,98.90710382513662,-30.9
Альфа – Акции с выплатой дохода,2026-07-31,7,NVTK,8.38,2.0,12.0,прибыль падает,-0.05,0.0,6.5,-62.91793313069909,-1.6
Альфа – Акции с выплатой дохода,2026-07-31,8,TRNFP,3.16,2.0,12.0,прибыль падает,-0.49,0.0,7.7,-21.411192214111917,-17.4
Альфа – Акции с выплатой дохода,2026-07-31,9,TATN,7.96,2.0,12.0,прибыль падает,-0.1,0.0,12.0,-48.18686703691605,-18.7
Альфа – Акции с выплатой дохода,2026-07-31,10,HEAD,8.97,2.0,12.0,прибыль падает,-0.65,0.0,549.2,-14.754098360655732,-20.8
Альфа – Акции с выплатой дохода,2026-07-31,11,X5,5.72,2.0,12.0,прибыль падает,0.8,0.0,97.8,-13.89645776566757,-29.1
Альфа – Акции с выплатой дохода,2026-07-31,12,OZON,3.89,2.0,12.0,ROE 1%,1.32,0.0,0.6,,-31.9
Альфа – Акции с выплатой дохода,2026-07-31,13,NLMK,1.07,2.0,12.0,прибыль падает,-0.33,0.0,7.1,-48.19376026272578,-34.8
Альфа – Акции с выплатой дохода,2026-07-31,14,MDMG,4.66,0.7,12.0,"P/B 3,8",0.03,0.0,29.5,8.761329305135956,15.8
Альфа – Акции с выплатой дохода,2026-07-31,15,CNRU,2.85,0.7,12.0,"P/B 15,3",-1.56,0.0,50.9,56.47058823529414,5.8
Альфа – Акции с выплатой дохода,2026-07-31,16,YDEX,8.5,0.7,12.0,"P/B 11,0",0.46,0.0,40.3,40.13875123885033,-6.5
Альфа – Акции с выплатой дохода,2026-07-31,17,PHOR,1.84,0.7,12.0,"P/B 3,5",1.78,0.0,42.9,2.490039840637448,-10.2
Альфа – Акции с выплатой дохода,2026-07-31,18,SBER,8.59,0.0,12.0,,,,22.7,7.901390644753481,-9.3
Альфа – Акции с выплатой дохода,2026-07-31,19,T,7.4,0.0,12.0,,,,29.1,44.607843137254896,-15.5
Альфа – Акции с выплатой дохода,2026-07-31,20,DOMRF,3.72,0.0,12.0,,,,21.6,35.21341463414635,
Альфа – Баланс,2026-07-31,1,FLOT,1.89,7.0,12.0,денежный поток < 0 · ROE -15% · прибыль падает,0.61,1.0,-14.7,-212.55411255411252,-3.6
Альфа – Баланс,2026-07-31,2,MTSS,4.65,5.0,12.0,денежный поток < 0 · капитал < 0,1.97,1.0,-300.5,20.13651877133107,-12.8
Альфа – Баланс,2026-07-31,3,LKOH,8.77,5.0,12.0,ROE 3% · прибыль падает · P/E 44,-0.31,0.0,2.8,-88.32807570977918,-21.8
Альфа – Баланс,2026-07-31,4,GAZP,1.05,5.0,12.0,денежный поток < 0 · прибыль падает,2.09,1.0,5.9,-26.488706365503077,-24.9
Альфа – Баланс,2026-07-31,5,NVTK,8.38,2.0,12.0,прибыль падает,-0.05,0.0,6.5,-62.91793313069909,-1.6
Альфа – Баланс,2026-07-31,6,TATN,7.31,2.0,12.0,прибыль падает,-0.1,0.0,12.0,-48.18686703691605,-18.7
Альфа – Баланс,2026-07-31,7,HEAD,14.89,2.0,12.0,прибыль падает,-0.65,0.0,549.2,-14.754098360655732,-20.8
Альфа – Баланс,2026-07-31,8,X5,5.4,2.0,12.0,прибыль падает,0.8,0.0,97.8,-13.89645776566757,-29.1
Альфа – Баланс,2026-07-31,9,OZON,11.88,2.0,12.0,ROE 1%,1.32,0.0,0.6,,-31.9
Альфа – Баланс,2026-07-31,10,NLMK,1.39,2.0,12.0,прибыль падает,-0.33,0.0,7.1,-48.19376026272578,-34.8
Альфа – Баланс,2026-07-31,11,YDEX,6.6,0.7,12.0,"P/B 11,0",0.46,0.0,40.3,40.13875123885033,-6.5
Альфа – Баланс,2026-07-31,12,PHOR,1.6,0.7,12.0,"P/B 3,5",1.78,0.0,42.9,2.490039840637448,-10.2
Альфа – Баланс,2026-07-31,13,SBER,12.8,0.0,12.0,,,,22.7,7.901390644753481,-9.3
Альфа – Баланс,2026-07-31,14,T,11.49,0.0,12.0,,,,29.1,44.607843137254896,-15.5
Альфа – Ликвидные акции,2026-07-31,1,FLOT,1.58,7.0,12.0,денежный поток < 0 · ROE -15% · прибыль падает,0.61,1.0,-14.7,-212.55411255411252,-3.6
Альфа – Ликвидные акции,2026-07-31,2,AFKS,0.71,6.0,12.0,"долг 4,7 EBITDA · денежный поток < 0",4.68,1.0,128.6,,-42.8
Альфа – Ликвидные акции,2026-07-31,3,MTSS,4.63,5.0,12.0,денежный поток < 0 · капитал < 0,1.97,1.0,-300.5,20.13651877133107,-12.8
Альфа – Ликвидные акции,2026-07-31,4,LKOH,8.51,5.0,12.0,ROE 3% · прибыль падает · P/E 44,-0.31,0.0,2.8,-88.32807570977918,-21.8
Альфа – Ликвидные акции,2026-07-31,5,GAZP,2.68,5.0,12.0,денежный поток < 0 · прибыль падает,2.09,1.0,5.9,-26.488706365503077,-24.9
Альфа – Ликвидные акции,2026-07-31,6,MAGN,0.67,4.0,12.0,ROE -2% · прибыль падает,-1.02,0.0,-2.1,-117.64705882352942,-35.6
Альфа – Ликвидные акции,2026-07-31,7,POSI,3.11,3.0,12.0,денежный поток < 0,1.72,1.0,29.9,98.90710382513662,-30.9
Альфа – Ликвидные акции,2026-07-31,8,NVTK,8.69,2.0,12.0,прибыль падает,-0.05,0.0,6.5,-62.91793313069909,-1.6
Альфа – Ликвидные акции,2026-07-31,9,TATN,8.88,2.0,12.0,прибыль падает,-0.1,0.0,12.0,-48.18686703691605,-18.7
Альфа – Ликвидные акции,2026-07-31,10,HEAD,9.43,2.0,12.0,прибыль падает,-0.65,0.0,549.2,-14.754098360655732,-20.8
Альфа – Ликвидные акции,2026-07-31,11,X5,5.2,2.0,12.0,прибыль падает,0.8,0.0,97.8,-13.89645776566757,-29.1
Альфа – Ликвидные акции,2026-07-31,12,OZON,7.81,2.0,12.0,ROE 1%,1.32,0.0,0.6,,-31.9
Альфа – Ликвидные акции,2026-07-31,13,RTKM,1.0,2.0,12.0,прибыль падает,1.65,0.0,5.1,-24.99999999999999,-33.0
Альфа – Ликвидные акции,2026-07-31,14,NLMK,1.7,2.0,12.0,прибыль падает,-0.33,0.0,7.1,-48.19376026272578,-34.8
Альфа – Ликвидные акции,2026-07-31,15,MDMG,5.6,0.7,12.0,"P/B 3,8",0.03,0.0,29.5,8.761329305135956,15.8
Альфа – Ликвидные акции,2026-07-31,16,YDEX,8.01,0.7,12.0,"P/B 11,0",0.46,0.0,40.3,40.13875123885033,-6.5
Альфа – Ликвидные акции,2026-07-31,17,PHOR,1.45,0.7,12.0,"P/B 3,5",1.78,0.0,42.9,2.490039840637448,-10.2
Альфа – Ликвидные акции,2026-07-31,18,SBER,9.09,0.0,12.0,,,,22.7,7.901390644753481,-9.3
Альфа – Ликвидные акции,2026-07-31,19,T,9.65,0.0,12.0,,,,29.1,44.607843137254896,-15.5
Альфа – Новые имена,2026-07-31,1,FLOT,4.5,7.0,12.0,денежный поток < 0 · ROE -15% · прибыль падает,0.61,1.0,-14.7,-212.55411255411252,-3.6
Альфа – Новые имена,2026-07-31,2,AFKS,1.99,6.0,12.0,"долг 4,7 EBITDA · денежный поток < 0",4.68,1.0,128.6,,-42.8
Альфа – Новые имена,2026-07-31,3,MTSS,6.27,5.0,12.0,денежный поток < 0 · капитал < 0,1.97,1.0,-300.5,20.13651877133107,-12.8
Альфа – Новые имена,2026-07-31,4,OZPH,8.63,3.7,12.0,"денежный поток < 0 · P/B 2,5",0.74,1.0,18.6,33.839479392624725,-12.4
Альфа – Новые имена,2026-07-31,5,POSI,5.97,3.0,12.0,денежный поток < 0,1.72,1.0,29.9,98.90710382513662,-30.9
Альфа – Новые имена,2026-07-31,6,HEAD,8.65,2.0,12.0,прибыль падает,-0.65,0.0,549.2,-14.754098360655732,-20.8
Альфа – Новые имена,2026-07-31,7,X5,4.06,2.0,12.0,прибыль падает,0.8,0.0,97.8,-13.89645776566757,-29.1
Альфа – Новые имена,2026-07-31,8,OZON,2.63,2.0,12.0,ROE 1%,1.32,0.0,0.6,,-31.9
Альфа – Новые имена,2026-07-31,9,SVCB,5.09,2.0,12.0,прибыль падает,,,15.0,-35.317460317460316,-38.1
Альфа – Новые имена,2026-07-31,10,CNRU,4.19,0.7,12.0,"P/B 15,3",-1.56,0.0,50.9,56.47058823529414,5.8
Альфа – Новые имена,2026-07-31,11,VSEH,4.29,0.7,12.0,"P/B 6,7",-0.17,0.0,72.0,46.34146341463414,-1.7
Альфа – Новые имена,2026-07-31,12,YDEX,9.4,0.7,12.0,"P/B 11,0",0.46,0.0,40.3,40.13875123885033,-6.5
Альфа – Новые имена,2026-07-31,13,DATA,4.46,0.7,12.0,"P/B 6,1",-0.95,0.0,49.4,36.92307692307693,-28.9
Альфа – Новые имена,2026-07-31,14,BAZA,4.38,0.7,12.0,"P/B 4,6",-0.42,0.0,40.1,8.823529411764719,
Альфа – Новые имена,2026-07-31,15,SBER,7.89,0.0,12.0,,,,22.7,7.901390644753481,-9.3
Альфа – Новые имена,2026-07-31,16,T,8.97,0.0,12.0,,,,29.1,44.607843137254896,-15.5
Альфа – Новые имена,2026-07-31,17,DOMRF,8.64,0.0,12.0,,,,21.6,35.21341463414635,
Альфа – Ресурсы,2026-07-31,1,FLOT,7.26,7.0,12.0,денежный поток < 0 · ROE -15% · прибыль падает,0.61,1.0,-14.7,-212.55411255411252,-3.6
Альфа – Ресурсы,2026-07-31,2,AFKS,1.0,6.0,12.0,"долг 4,7 EBITDA · денежный поток < 0",4.68,1.0,128.6,,-42.8
Альфа – Ресурсы,2026-07-31,3,SIBN,5.4,5.0,12.0,денежный поток < 0 · прибыль падает,1.02,1.0,8.0,-48.738269030239834,-10.2
Альфа – Ресурсы,2026-07-31,4,LKOH,9.69,5.0,12.0,ROE 3% · прибыль падает · P/E 44,-0.31,0.0,2.8,-88.32807570977918,-21.8
Альфа – Ресурсы,2026-07-31,5,GAZP,8.14,5.0,12.0,денежный поток < 0 · прибыль падает,2.09,1.0,5.9,-26.488706365503077,-24.9
Альфа – Ресурсы,2026-07-31,6,MAGN,3.75,4.0,12.0,ROE -2% · прибыль падает,-1.02,0.0,-2.1,-117.64705882352942,-35.6
Альфа – Ресурсы,2026-07-31,7,NVTK,9.55,2.0,12.0,прибыль падает,-0.05,0.0,6.5,-62.91793313069909,-1.6
Альфа – Ресурсы,2026-07-31,8,TRNFP,7.9,2.0,12.0,прибыль падает,-0.49,0.0,7.7,-21.411192214111917,-17.4
Альфа – Ресурсы,2026-07-31,9,TATN,10.2,2.0,12.0,прибыль падает,-0.1,0.0,12.0,-48.18686703691605,-18.7
Альфа – Ресурсы,2026-07-31,10,HEAD,0.93,2.0,12.0,прибыль падает,-0.65,0.0,549.2,-14.754098360655732,-20.8
Альфа – Ресурсы,2026-07-31,11,OZON,3.83,2.0,12.0,ROE 1%,1.32,0.0,0.6,,-31.9
Альфа – Ресурсы,2026-07-31,12,NLMK,3.41,2.0,12.0,прибыль падает,-0.33,0.0,7.1,-48.19376026272578,-34.8
Альфа – Ресурсы,2026-07-31,13,GMKN,9.55,0.7,12.0,"P/B 2,6",1.41,0.0,18.5,34.06862745098038,-0.7
Альфа – Ресурсы,2026-07-31,14,YDEX,4.66,0.7,12.0,"P/B 11,0",0.46,0.0,40.3,40.13875123885033,-6.5
Альфа – Ресурсы,2026-07-31,15,PHOR,7.54,0.7,12.0,"P/B 3,5",1.78,0.0,42.9,2.490039840637448,-10.2
Альфа – Ресурсы,2026-07-31,16,PLZL,5.15,0.7,12.0,"P/B 12,5",1.07,0.0,115.6,2.6797385620914937,-34.6
Альфа – Ресурсы,2026-07-31,17,FEES,1.5,0.0,12.0,,0.77,0.0,9.1,,-21.3
Арсагера - акции 6.4,2026-07-31,1,SELG,2.01,10.7,12.0,"долг 4,0 EBITDA · денежный поток < 0 · ROE -75% · прибыль падает · P/B 4,5",3.98,1.0,-74.6,-244.36363636363635,-29.5
Арсагера - акции 6.4,2026-07-31,2,RUAL,2.04,10.0,12.0,"долг 7,1 EBITDA · денежный поток < 0 · ROE -7% · прибыль падает",7.07,1.0,-7.2,-200.611620795107,-19.9
Арсагера - акции 6.4,2026-07-31,3,ENPG,1.99,8.0,12.0,"долг 3,8 EBITDA · денежный поток < 0 · прибыль падает",3.77,1.0,5.1,-60.57268722466961,-28.8
Арсагера - акции 6.4,2026-07-31,4,NKNCP,2.57,8.0,12.0,"долг 3,6 EBITDA · денежный поток < 0 · прибыль падает",3.59,1.0,7.1,-11.726384364820841,-43.8
Арсагера - акции 6.4,2026-07-31,5,ETLN,1.53,8.0,12.0,"долг 3,6 EBITDA · денежный поток < 0 · ROE -97%",3.64,1.0,-96.6,,-60.2
Арсагера - акции 6.4,2026-07-31,6,EUTR,2.0,8.0,12.0,"долг 3,2 EBITDA · денежный поток < 0 · прибыль падает",3.18,1.0,14.0,-13.611615245009078,-64.2
Арсагера - акции 6.4,2026-07-31,7,TUZA,0.59,7.0,12.0,денежный поток < 0 · ROE -51% · прибыль падает,-0.69,1.0,-51.1,-211.98347107438016,-29.9
Арсагера - акции 6.4,2026-07-31,8,SMLT,2.09,7.0,12.0,денежный поток < 0 · ROE -6% · прибыль падает,2.98,1.0,-6.5,-131.97781885397413,-69.4
Арсагера - акции 6.4,2026-07-31,9,AQUA,1.98,6.0,12.0,денежный поток < 0 · прибыль падает · P/E 20,2.41,1.0,5.4,-79.32038834951456,-46.7
Арсагера - акции 6.4,2026-07-31,10,GLRX,1.94,6.0,12.0,"долг 3,5 EBITDA · денежный поток < 0",3.48,1.0,42.9,145.6,
Арсагера - акции 6.4,2026-07-31,11,IRAO,2.89,5.0,12.0,денежный поток < 0 · прибыль падает,-2.48,1.0,11.7,-9.153952843273228,-16.8
Арсагера - акции 6.4,2026-07-31,12,GAZP,2.9,5.0,12.0,денежный поток < 0 · прибыль падает,2.09,1.0,5.9,-26.488706365503077,-24.9
Арсагера - акции 6.4,2026-07-31,13,URKZ,2.09,5.0,12.0,денежный поток < 0 · прибыль падает,1.09,1.0,10.9,-26.01351351351352,-26.7
Арсагера - акции 6.4,2026-07-31,14,LSRG,2.88,5.0,12.0,денежный поток < 0 · прибыль падает,1.74,1.0,8.1,-62.23776223776224,-29.3
Арсагера - акции 6.4,2026-07-31,15,RNFT,2.0,5.0,12.0,денежный поток < 0 · прибыль падает,2.29,1.0,16.7,-56.06617647058824,-29.6
Арсагера - акции 6.4,2026-07-31,16,RTGZ,2.0,5.0,12.0,денежный поток < 0 · ROE 1%,0.03,1.0,1.1,,-31.2
Арсагера - акции 6.4,2026-07-31,17,FESH,2.9,4.0,12.0,ROE -2% · прибыль падает,0.34,0.0,-1.5,-108.69402985074628,7.9
Арсагера - акции 6.4,2026-07-31,18,ROSN,2.93,4.0,12.0,ROE 3% · прибыль падает,0.0,0.0,3.2,-72.97047970479704,-17.1
Арсагера - акции 6.4,2026-07-31,19,MAGN,2.97,4.0,12.0,ROE -2% · прибыль падает,-1.02,0.0,-2.1,-117.64705882352942,-35.6
Арсагера - акции 6.4,2026-07-31,20,MSRS,2.92,3.0,12.0,денежный поток < 0,0.7,1.0,16.2,207.35294117647055,21.0
Арсагера - акции 6.4,2026-07-31,21,RENI,1.98,3.0,12.0,денежный поток < 0,,1.0,19.6,1.8518518518518379,-39.5
Арсагера - акции 6.4,2026-07-31,22,MVID,1.01,3.0,12.0,денежный поток < 0,-4.84,1.0,139.6,,-43.0
Арсагера - акции 6.4,2026-07-31,23,BANEP,2.9,2.0,12.0,прибыль падает,0.0,,5.4,-53.00859598853869,-0.9
Арсагера - акции 6.4,2026-07-31,24,NVTK,2.86,2.0,12.0,прибыль падает,-0.05,0.0,6.5,-62.91793313069909,-1.6
Арсагера - акции 6.4,2026-07-31,25,MRKY,1.49,2.0,12.0,прибыль падает,2.55,0.0,6.8,-8.646003262642743,-4.4
Арсагера - акции 6.4,2026-07-31,26,GCHE,1.93,2.0,12.0,прибыль падает,2.36,0.0,13.0,-4.411764705882348,-6.6
Арсагера - акции 6.4,2026-07-31,27,TRNFP,2.87,2.0,12.0,прибыль падает,-0.49,0.0,7.7,-21.411192214111917,-17.4
Арсагера - акции 6.4,2026-07-31,28,VTBR,2.88,2.0,12.0,прибыль падает,,,18.3,-9.639454511488877,-27.5
Арсагера - акции 6.4,2026-07-31,29,BSPB,2.87,2.0,12.0,прибыль падает,,,18.1,-24.850894632206767,-34.0
Арсагера - акции 6.4,2026-07-31,30,NLMK,2.92,2.0,12.0,прибыль падает,-0.33,0.0,7.1,-48.19376026272578,-34.8
Арсагера - акции 6.4,2026-07-31,31,CHMK,1.93,2.0,12.0,ROE -42%,-54.5,0.0,-41.5,,-36.5
Арсагера - акции 6.4,2026-07-31,32,SVCB,1.97,2.0,12.0,прибыль падает,,,15.0,-35.317460317460316,-38.1
Арсагера - акции 6.4,2026-07-31,33,RASP,2.01,2.0,12.0,ROE -39%,0.28,0.0,-38.8,,-40.9
Арсагера - акции 6.4,2026-07-31,34,MGKL,0.98,0.7,12.0,"P/B 12,3",0.57,0.0,40.9,84.22391857506359,-6.8
Арсагера - акции 6.4,2026-07-31,35,MRKV,1.96,0.3,12.0,p12 74.6,0.09,0.0,20.8,211.2947658402204,74.6
Арсагера - акции 6.4,2026-07-31,36,MRKU,2.02,0.3,12.0,p12 67.9,0.54,0.0,16.1,6.451612903225801,67.9
Арсагера - акции 6.4,2026-07-31,37,MRKZ,1.51,0.3,12.0,p12 54.2,0.29,0.0,21.6,1004.9250535331905,54.2
Арсагера - акции 6.4,2026-07-31,38,MRKP,2.01,0.0,12.0,,0.05,0.0,20.1,43.90243902439026,10.9
Арсагера - акции 6.4,2026-07-31,39,USBN,0.9,0.0,12.0,,,,,55.96026490066226,1.4
Арсагера - акции 6.4,2026-07-31,40,MRKC,2.04,0.0,12.0,,0.88,0.0,15.8,76.82926829268293,-2.5
Арсагера - акции 6.4,2026-07-31,41,SBER,2.91,0.0,12.0,,,,22.7,7.901390644753481,-9.3
Арсагера - акции 6.4,2026-07-31,42,SNGSP,2.94,0.0,12.0,,-9.39,0.0,18.7,311.83800623052963,-9.4
Арсагера - акции 6.4,2026-07-31,43,ZAYM,0.97,0.0,12.0,,,,30.1,10.687022900763354,-9.9
Арсагера - акции 6.4,2026-07-31,44,FEES,2.94,0.0,12.0,,0.77,0.0,9.1,,-21.3
Арсагера - акции 6.4,2026-07-31,45,MBNK,1.99,0.0,12.0,,,,14.5,16.129032258064523,-27.5
Арсагера - акции 6.4,2026-07-31,46,DOMRF,1.99,0.0,12.0,,,,21.6,35.21341463414635,
Арсагера - фонд акций,2026-07-31,1,RUAL,2.02,10.0,12.0,"долг 7,1 EBITDA · денежный поток < 0 · ROE -7% · прибыль падает",7.07,1.0,-7.2,-200.611620795107,-19.9
Арсагера - фонд акций,2026-07-31,2,ENPG,2.01,8.0,12.0,"долг 3,8 EBITDA · денежный поток < 0 · прибыль падает",3.77,1.0,5.1,-60.57268722466961,-28.8
Арсагера - фонд акций,2026-07-31,3,NKNCP,1.72,8.0,12.0,"долг 3,6 EBITDA · денежный поток < 0 · прибыль падает",3.59,1.0,7.1,-11.726384364820841,-43.8
Арсагера - фонд акций,2026-07-31,4,EUTR,1.83,8.0,12.0,"долг 3,2 EBITDA · денежный поток < 0 · прибыль падает",3.18,1.0,14.0,-13.611615245009078,-64.2
Арсагера - фонд акций,2026-07-31,5,SMLT,2.08,7.0,12.0,денежный поток < 0 · ROE -6% · прибыль падает,2.98,1.0,-6.5,-131.97781885397413,-69.4
Арсагера - фонд акций,2026-07-31,6,IRAO,3.0,5.0,12.0,денежный поток < 0 · прибыль падает,-2.48,1.0,11.7,-9.153952843273228,-16.8
Арсагера - фонд акций,2026-07-31,7,GAZP,9.49,5.0,12.0,денежный поток < 0 · прибыль падает,2.09,1.0,5.9,-26.488706365503077,-24.9
Арсагера - фонд акций,2026-07-31,8,LSRG,2.98,5.0,12.0,денежный поток < 0 · прибыль падает,1.74,1.0,8.1,-62.23776223776224,-29.3
Арсагера - фонд акций,2026-07-31,9,RNFT,1.82,5.0,12.0,денежный поток < 0 · прибыль падает,2.29,1.0,16.7,-56.06617647058824,-29.6
Арсагера - фонд акций,2026-07-31,10,FESH,3.02,4.0,12.0,ROE -2% · прибыль падает,0.34,0.0,-1.5,-108.69402985074628,7.9
Арсагера - фонд акций,2026-07-31,11,ROSN,4.01,4.0,12.0,ROE 3% · прибыль падает,0.0,0.0,3.2,-72.97047970479704,-17.1
Арсагера - фонд акций,2026-07-31,12,MAGN,3.09,4.0,12.0,ROE -2% · прибыль падает,-1.02,0.0,-2.1,-117.64705882352942,-35.6
Арсагера - фонд акций,2026-07-31,13,MSRS,2.03,3.0,12.0,денежный поток < 0,0.7,1.0,16.2,207.35294117647055,21.0
Арсагера - фонд акций,2026-07-31,14,MVID,1.01,3.0,12.0,денежный поток < 0,-4.84,1.0,139.6,,-43.0
Арсагера - фонд акций,2026-07-31,15,BANEP,3.04,2.0,12.0,прибыль падает,0.0,,5.4,-53.00859598853869,-0.9
Арсагера - фонд акций,2026-07-31,16,NVTK,4.0,2.0,12.0,прибыль падает,-0.05,0.0,6.5,-62.91793313069909,-1.6
Арсагера - фонд акций,2026-07-31,17,TRNFP,3.99,2.0,12.0,прибыль падает,-0.49,0.0,7.7,-21.411192214111917,-17.4
Арсагера - фонд акций,2026-07-31,18,VTBR,4.99,2.0,12.0,прибыль падает,,,18.3,-9.639454511488877,-27.5
Арсагера - фонд акций,2026-07-31,19,BSPB,2.99,2.0,12.0,прибыль падает,,,18.1,-24.850894632206767,-34.0
Арсагера - фонд акций,2026-07-31,20,NLMK,4.06,2.0,12.0,прибыль падает,-0.33,0.0,7.1,-48.19376026272578,-34.8
Арсагера - фонд акций,2026-07-31,21,CHMK,1.74,2.0,12.0,ROE -42%,-54.5,0.0,-41.5,,-36.5
Арсагера - фонд акций,2026-07-31,22,SVCB,2.46,2.0,12.0,прибыль падает,,,15.0,-35.317460317460316,-38.1
Арсагера - фонд акций,2026-07-31,23,RASP,2.02,2.0,12.0,ROE -39%,0.28,0.0,-38.8,,-40.9
Арсагера - фонд акций,2026-07-31,24,MRKV,1.79,0.3,12.0,p12 74.6,0.09,0.0,20.8,211.2947658402204,74.6
Арсагера - фонд акций,2026-07-31,25,MRKP,1.81,0.0,12.0,,0.05,0.0,20.1,43.90243902439026,10.9
Арсагера - фонд акций,2026-07-31,26,MRKC,1.84,0.0,12.0,,0.88,0.0,15.8,76.82926829268293,-2.5
Арсагера - фонд акций,2026-07-31,27,SBER,8.75,0.0,12.0,,,,22.7,7.901390644753481,-9.3
Арсагера - фонд акций,2026-07-31,28,SNGSP,4.02,0.0,12.0,,-9.39,0.0,18.7,311.83800623052963,-9.4
Арсагера - фонд акций,2026-07-31,29,T,4.05,0.0,12.0,,,,29.1,44.607843137254896,-15.5
Арсагера - фонд акций,2026-07-31,30,FEES,3.04,0.0,12.0,,0.77,0.0,9.1,,-21.3
Арсагера - фонд акций,2026-07-31,31,MBNK,1.81,0.0,12.0,,,,14.5,16.129032258064523,-27.5
Арсагера - фонд акций,2026-07-31,32,DOMRF,3.47,0.0,12.0,,,,21.6,35.21341463414635,
Арсагера - фонд смешанных инвестиций,2026-07-31,1,SELG,1.95,10.7,12.0,"долг 4,0 EBITDA · денежный поток < 0 · ROE -75% · прибыль падает · P/B 4,5",3.98,1.0,-74.6,-244.36363636363635,-29.5
Арсагера - фонд смешанных инвестиций,2026-07-31,2,RUAL,2.12,10.0,12.0,"долг 7,1 EBITDA · денежный поток < 0 · ROE -7% · прибыль падает",7.07,1.0,-7.2,-200.611620795107,-19.9
Арсагера - фонд смешанных инвестиций,2026-07-31,3,ENPG,2.12,8.0,12.0,"долг 3,8 EBITDA · денежный поток < 0 · прибыль падает",3.77,1.0,5.1,-60.57268722466961,-28.8
Арсагера - фонд смешанных инвестиций,2026-07-31,4,NKNCP,1.88,8.0,12.0,"долг 3,6 EBITDA · денежный поток < 0 · прибыль падает",3.59,1.0,7.1,-11.726384364820841,-43.8
Арсагера - фонд смешанных инвестиций,2026-07-31,5,EUTR,1.94,8.0,12.0,"долг 3,2 EBITDA · денежный поток < 0 · прибыль падает",3.18,1.0,14.0,-13.611615245009078,-64.2
Арсагера - фонд смешанных инвестиций,2026-07-31,6,SMLT,2.6,7.0,12.0,денежный поток < 0 · ROE -6% · прибыль падает,2.98,1.0,-6.5,-131.97781885397413,-69.4
Арсагера - фонд смешанных инвестиций,2026-07-31,7,IRAO,2.51,5.0,12.0,денежный поток < 0 · прибыль падает,-2.48,1.0,11.7,-9.153952843273228,-16.8
Арсагера - фонд смешанных инвестиций,2026-07-31,8,GAZP,8.67,5.0,12.0,денежный поток < 0 · прибыль падает,2.09,1.0,5.9,-26.488706365503077,-24.9
Арсагера - фонд смешанных инвестиций,2026-07-31,9,LSRG,2.48,5.0,12.0,денежный поток < 0 · прибыль падает,1.74,1.0,8.1,-62.23776223776224,-29.3
Арсагера - фонд смешанных инвестиций,2026-07-31,10,RNFT,1.93,5.0,12.0,денежный поток < 0 · прибыль падает,2.29,1.0,16.7,-56.06617647058824,-29.6
Арсагера - фонд смешанных инвестиций,2026-07-31,11,FESH,2.5,4.0,12.0,ROE -2% · прибыль падает,0.34,0.0,-1.5,-108.69402985074628,7.9
Арсагера - фонд смешанных инвестиций,2026-07-31,12,ROSN,4.28,4.0,12.0,ROE 3% · прибыль падает,0.0,0.0,3.2,-72.97047970479704,-17.1
Арсагера - фонд смешанных инвестиций,2026-07-31,13,MAGN,2.56,4.0,12.0,ROE -2% · прибыль падает,-1.02,0.0,-2.1,-117.64705882352942,-35.6
Арсагера - фонд смешанных инвестиций,2026-07-31,14,MSRS,1.96,3.0,12.0,денежный поток < 0,0.7,1.0,16.2,207.35294117647055,21.0
Арсагера - фонд смешанных инвестиций,2026-07-31,15,MVID,0.97,3.0,12.0,денежный поток < 0,-4.84,1.0,139.6,,-43.0
Арсагера - фонд смешанных инвестиций,2026-07-31,16,BANEP,2.5,2.0,12.0,прибыль падает,0.0,,5.4,-53.00859598853869,-0.9
Арсагера - фонд смешанных инвестиций,2026-07-31,17,NVTK,4.23,2.0,12.0,прибыль падает,-0.05,0.0,6.5,-62.91793313069909,-1.6
Арсагера - фонд смешанных инвестиций,2026-07-31,18,TRNFP,4.21,2.0,12.0,прибыль падает,-0.49,0.0,7.7,-21.411192214111917,-17.4
Арсагера - фонд смешанных инвестиций,2026-07-31,19,VTBR,4.95,2.0,12.0,прибыль падает,,,18.3,-9.639454511488877,-27.5
Арсагера - фонд смешанных инвестиций,2026-07-31,20,BSPB,2.47,2.0,12.0,прибыль падает,,,18.1,-24.850894632206767,-34.0
Арсагера - фонд смешанных инвестиций,2026-07-31,21,NLMK,4.24,2.0,12.0,прибыль падает,-0.33,0.0,7.1,-48.19376026272578,-34.8
Арсагера - фонд смешанных инвестиций,2026-07-31,22,CHMK,1.91,2.0,12.0,ROE -42%,-54.5,0.0,-41.5,,-36.5
Арсагера - фонд смешанных инвестиций,2026-07-31,23,SVCB,1.88,2.0,12.0,прибыль падает,,,15.0,-35.317460317460316,-38.1
Арсагера - фонд смешанных инвестиций,2026-07-31,24,RASP,1.92,2.0,12.0,ROE -39%,0.28,0.0,-38.8,,-40.9
Арсагера - фонд смешанных инвестиций,2026-07-31,25,MRKV,1.9,0.3,12.0,p12 74.6,0.09,0.0,20.8,211.2947658402204,74.6
Арсагера - фонд смешанных инвестиций,2026-07-31,26,MRKP,1.95,0.0,12.0,,0.05,0.0,20.1,43.90243902439026,10.9
Арсагера - фонд смешанных инвестиций,2026-07-31,27,USBN,1.88,0.0,12.0,,,,,55.96026490066226,1.4
Арсагера - фонд смешанных инвестиций,2026-07-31,28,MRKC,1.97,0.0,12.0,,0.88,0.0,15.8,76.82926829268293,-2.5
Арсагера - фонд смешанных инвестиций,2026-07-31,29,SBER,8.65,0.0,12.0,,,,22.7,7.901390644753481,-9.3
Арсагера - фонд смешанных инвестиций,2026-07-31,30,SNGSP,4.24,0.0,12.0,,-9.39,0.0,18.7,311.83800623052963,-9.4
Арсагера - фонд смешанных инвестиций,2026-07-31,31,T,4.21,0.0,12.0,,,,29.1,44.607843137254896,-15.5
Арсагера - фонд смешанных инвестиций,2026-07-31,32,FEES,2.52,0.0,12.0,,0.77,0.0,9.1,,-21.3
Арсагера - фонд смешанных инвестиций,2026-07-31,33,MBNK,1.94,0.0,12.0,,,,14.5,16.129032258064523,-27.5
Арсагера - фонд смешанных инвестиций,2026-07-31,34,DOMRF,1.97,0.0,12.0,,,,21.6,35.21341463414635,
ВИМ – Акции,2026-07-31,1,ENPG,0.63,8.0,12.0,"долг 3,8 EBITDA · денежный поток < 0 · прибыль падает",3.77,1.0,5.1,-60.57268722466961,-28.8
ВИМ – Акции,2026-07-31,2,RAGR,1.03,5.0,12.0,денежный поток < 0 · прибыль падает,2.65,1.0,7.7,-48.75346260387812,-0.7
ВИМ – Акции,2026-07-31,3,MTSS,4.98,5.0,12.0,денежный поток < 0 · капитал < 0,1.97,1.0,-300.5,20.13651877133107,-12.8
ВИМ – Акции,2026-07-31,4,LKOH,2.07,5.0,12.0,ROE 3% · прибыль падает · P/E 44,-0.31,0.0,2.8,-88.32807570977918,-21.8
ВИМ – Акции,2026-07-31,5,GAZP,4.3,5.0,12.0,денежный поток < 0 · прибыль падает,2.09,1.0,5.9,-26.488706365503077,-24.9
ВИМ – Акции,2026-07-31,6,POSI,1.02,3.0,12.0,денежный поток < 0,1.72,1.0,29.9,98.90710382513662,-30.9
ВИМ – Акции,2026-07-31,7,ASTR,0.51,2.7,12.0,"прибыль падает · P/B 14,0",0.25,0.0,56.4,-2.6275115919629055,-56.7
ВИМ – Акции,2026-07-31,8,MOEX,4.37,2.0,12.0,прибыль падает,0.0,,21.4,-27.965043695380764,-9.5
ВИМ – Акции,2026-07-31,9,TATNP,2.8,2.0,12.0,прибыль падает,-0.1,0.0,12.0,-48.18686703691605,-16.1
ВИМ – Акции,2026-07-31,10,TRNFP,5.18,2.0,12.0,прибыль падает,-0.49,0.0,7.7,-21.411192214111917,-17.4
ВИМ – Акции,2026-07-31,11,TATN,2.51,2.0,12.0,прибыль падает,-0.1,0.0,12.0,-48.18686703691605,-18.7
ВИМ – Акции,2026-07-31,12,HEAD,3.64,2.0,12.0,прибыль падает,-0.65,0.0,549.2,-14.754098360655732,-20.8
ВИМ – Акции,2026-07-31,13,VTBR,9.5,2.0,12.0,прибыль падает,,,18.3,-9.639454511488877,-27.5
ВИМ – Акции,2026-07-31,14,X5,2.95,2.0,12.0,прибыль падает,0.8,0.0,97.8,-13.89645776566757,-29.1
ВИМ – Акции,2026-07-31,15,OZON,5.67,2.0,12.0,ROE 1%,1.32,0.0,0.6,,-31.9
ВИМ – Акции,2026-07-31,16,RTKM,1.21,2.0,12.0,прибыль падает,1.65,0.0,5.1,-24.99999999999999,-33.0
ВИМ – Акции,2026-07-31,17,CNRU,0.77,0.7,12.0,"P/B 15,3",-1.56,0.0,50.9,56.47058823529414,5.8
ВИМ – Акции,2026-07-31,18,GMKN,3.49,0.7,12.0,"P/B 2,6",1.41,0.0,18.5,34.06862745098038,-0.7
ВИМ – Акции,2026-07-31,19,VSEH,1.53,0.7,12.0,"P/B 6,7",-0.17,0.0,72.0,46.34146341463414,-1.7
ВИМ – Акции,2026-07-31,20,YDEX,8.8,0.7,12.0,"P/B 11,0",0.46,0.0,40.3,40.13875123885033,-6.5
ВИМ – Акции,2026-07-31,21,DATA,1.62,0.7,12.0,"P/B 6,1",-0.95,0.0,49.4,36.92307692307693,-28.9
ВИМ – Акции,2026-07-31,22,PLZL,3.2,0.7,12.0,"P/B 12,5",1.07,0.0,115.6,2.6797385620914937,-34.6
ВИМ – Акции,2026-07-31,23,BAZA,1.95,0.7,12.0,"P/B 4,6",-0.42,0.0,40.1,8.823529411764719,
ВИМ – Акции,2026-07-31,24,BTBR,1.18,0.7,12.0,"P/B 43,6",-0.39,0.0,100.4,5.397727272727271,
ВИМ – Акции,2026-07-31,25,SBER,9.27,0.0,12.0,,,,22.7,7.901390644753481,-9.3
ВИМ – Акции,2026-07-31,26,T,10.41,0.0,12.0,,,,29.1,44.607843137254896,-15.5
ВИМ – Акции,2026-07-31,27,DOMRF,4.91,0.0,12.0,,,,21.6,35.21341463414635,
ВИМ – Акции. Российские эмитенты,2026-07-31,1,RUAL,0.75,10.0,12.0,"долг 7,1 EBITDA · денежный поток < 0 · ROE -7% · прибыль падает",7.07,1.0,-7.2,-200.611620795107,-19.9
ВИМ – Акции. Российские эмитенты,2026-07-31,2,MTSS,4.89,5.0,12.0,денежный поток < 0 · капитал < 0,1.97,1.0,-300.5,20.13651877133107,-12.8
ВИМ – Акции. Российские эмитенты,2026-07-31,3,LKOH,2.19,5.0,12.0,ROE 3% · прибыль падает · P/E 44,-0.31,0.0,2.8,-88.32807570977918,-21.8
ВИМ – Акции. Российские эмитенты,2026-07-31,4,GAZP,4.2,5.0,12.0,денежный поток < 0 · прибыль падает,2.09,1.0,5.9,-26.488706365503077,-24.9
ВИМ – Акции. Российские эмитенты,2026-07-31,5,POSI,0.58,3.0,12.0,денежный поток < 0,1.72,1.0,29.9,98.90710382513662,-30.9
ВИМ – Акции. Российские эмитенты,2026-07-31,6,MOEX,4.35,2.0,12.0,прибыль падает,0.0,,21.4,-27.965043695380764,-9.5
ВИМ – Акции. Российские эмитенты,2026-07-31,7,TATNP,3.95,2.0,12.0,прибыль падает,-0.1,0.0,12.0,-48.18686703691605,-16.1
ВИМ – Акции. Российские эмитенты,2026-07-31,8,TRNFP,5.67,2.0,12.0,прибыль падает,-0.49,0.0,7.7,-21.411192214111917,-17.4
ВИМ – Акции. Российские эмитенты,2026-07-31,9,TATN,0.68,2.0,12.0,прибыль падает,-0.1,0.0,12.0,-48.18686703691605,-18.7
ВИМ – Акции. Российские эмитенты,2026-07-31,10,HEAD,2.56,2.0,12.0,прибыль падает,-0.65,0.0,549.2,-14.754098360655732,-20.8
ВИМ – Акции. Российские эмитенты,2026-07-31,11,VTBR,7.29,2.0,12.0,прибыль падает,,,18.3,-9.639454511488877,-27.5
ВИМ – Акции. Российские эмитенты,2026-07-31,12,X5,2.99,2.0,12.0,прибыль падает,0.8,0.0,97.8,-13.89645776566757,-29.1
ВИМ – Акции. Российские эмитенты,2026-07-31,13,OZON,4.9,2.0,12.0,ROE 1%,1.32,0.0,0.6,,-31.9
ВИМ – Акции. Российские эмитенты,2026-07-31,14,CNRU,0.84,0.7,12.0,"P/B 15,3",-1.56,0.0,50.9,56.47058823529414,5.8
ВИМ – Акции. Российские эмитенты,2026-07-31,15,GMKN,3.82,0.7,12.0,"P/B 2,6",1.41,0.0,18.5,34.06862745098038,-0.7
ВИМ – Акции. Российские эмитенты,2026-07-31,16,VSEH,2.55,0.7,12.0,"P/B 6,7",-0.17,0.0,72.0,46.34146341463414,-1.7
ВИМ – Акции. Российские эмитенты,2026-07-31,17,YDEX,7.75,0.7,12.0,"P/B 11,0",0.46,0.0,40.3,40.13875123885033,-6.5
ВИМ – Акции. Российские эмитенты,2026-07-31,18,PLZL,1.61,0.7,12.0,"P/B 12,5",1.07,0.0,115.6,2.6797385620914937,-34.6
ВИМ – Акции. Российские эмитенты,2026-07-31,19,BAZA,4.91,0.7,12.0,"P/B 4,6",-0.42,0.0,40.1,8.823529411764719,
ВИМ – Акции. Российские эмитенты,2026-07-31,20,BTBR,1.14,0.7,12.0,"P/B 43,6",-0.39,0.0,100.4,5.397727272727271,
ВИМ – Акции. Российские эмитенты,2026-07-31,21,MRKZ,1.95,0.3,12.0,p12 54.2,0.29,0.0,21.6,1004.9250535331905,54.2
ВИМ – Акции. Российские эмитенты,2026-07-31,22,LSNGP,2.97,0.0,12.0,,-0.27,0.0,15.3,65.09433962264151,45.3
ВИМ – Акции. Российские эмитенты,2026-07-31,23,MRKP,2.1,0.0,12.0,,0.05,0.0,20.1,43.90243902439026,10.9
ВИМ – Акции. Российские эмитенты,2026-07-31,24,SBER,9.29,0.0,12.0,,,,22.7,7.901390644753481,-9.3
ВИМ – Акции. Российские эмитенты,2026-07-31,25,T,10.55,0.0,12.0,,,,29.1,44.607843137254896,-15.5
ВИМ – Акции. Российские эмитенты,2026-07-31,26,DOMRF,4.81,0.0,12.0,,,,21.6,35.21341463414635,
ВИМ – Инновационный,2026-07-31,1,WUSH,0.74,10.7,12.0,"долг 3,4 EBITDA · денежный поток < 0 · ROE -73% · прибыль падает · P/B 2,9",3.35,1.0,-73.3,-247.23618090452263,-67.0
ВИМ – Инновационный,2026-07-31,2,MTSS,7.47,5.0,12.0,денежный поток < 0 · капитал < 0,1.97,1.0,-300.5,20.13651877133107,-12.8
ВИМ – Инновационный,2026-07-31,3,POSI,5.59,3.0,12.0,денежный поток < 0,1.72,1.0,29.9,98.90710382513662,-30.9
ВИМ – Инновационный,2026-07-31,4,ASTR,0.54,2.7,12.0,"прибыль падает · P/B 14,0",0.25,0.0,56.4,-2.6275115919629055,-56.7
ВИМ – Инновационный,2026-07-31,5,MOEX,6.29,2.0,12.0,прибыль падает,0.0,,21.4,-27.965043695380764,-9.5
ВИМ – Инновационный,2026-07-31,6,HEAD,9.57,2.0,12.0,прибыль падает,-0.65,0.0,549.2,-14.754098360655732,-20.8
ВИМ – Инновационный,2026-07-31,7,VTBR,4.14,2.0,12.0,прибыль падает,,,18.3,-9.639454511488877,-27.5
ВИМ – Инновационный,2026-07-31,8,OZON,7.33,2.0,12.0,ROE 1%,1.32,0.0,0.6,,-31.9
ВИМ – Инновационный,2026-07-31,9,RTKM,4.39,2.0,12.0,прибыль падает,1.65,0.0,5.1,-24.99999999999999,-33.0
ВИМ – Инновационный,2026-07-31,10,CNRU,3.35,0.7,12.0,"P/B 15,3",-1.56,0.0,50.9,56.47058823529414,5.8
ВИМ – Инновационный,2026-07-31,11,VSEH,7.07,0.7,12.0,"P/B 6,7",-0.17,0.0,72.0,46.34146341463414,-1.7
ВИМ – Инновационный,2026-07-31,12,YDEX,9.57,0.7,12.0,"P/B 11,0",0.46,0.0,40.3,40.13875123885033,-6.5
ВИМ – Инновационный,2026-07-31,13,DATA,1.75,0.7,12.0,"P/B 6,1",-0.95,0.0,49.4,36.92307692307693,-28.9
ВИМ – Инновационный,2026-07-31,14,BAZA,10.14,0.7,12.0,"P/B 4,6",-0.42,0.0,40.1,8.823529411764719,
ВИМ – Инновационный,2026-07-31,15,SBER,8.39,0.0,12.0,,,,22.7,7.901390644753481,-9.3
ВИМ – Инновационный,2026-07-31,16,T,9.57,0.0,12.0,,,,29.1,44.607843137254896,-15.5
ВИМ – Инновационный,2026-07-31,17,DOMRF,4.11,0.0,12.0,,,,21.6,35.21341463414635,
ВИМ – Металлургия,2026-07-31,1,SELG,1.56,10.7,12.0,"долг 4,0 EBITDA · денежный поток < 0 · ROE -75% · прибыль падает · P/B 4,5",3.98,1.0,-74.6,-244.36363636363635,-29.5
ВИМ – Металлургия,2026-07-31,2,RUAL,7.6,10.0,12.0,"долг 7,1 EBITDA · денежный поток < 0 · ROE -7% · прибыль падает",7.07,1.0,-7.2,-200.611620795107,-19.9
ВИМ – Металлургия,2026-07-31,3,ENPG,5.62,8.0,12.0,"долг 3,8 EBITDA · денежный поток < 0 · прибыль падает",3.77,1.0,5.1,-60.57268722466961,-28.8
ВИМ – Металлургия,2026-07-31,4,TRMK,2.82,8.0,12.0,"долг 4,0 EBITDA · денежный поток < 0 · ROE -62%",3.95,1.0,-62.4,,-43.8
ВИМ – Металлургия,2026-07-31,5,CHMF,9.64,6.0,12.0,денежный поток < 0 · прибыль падает · P/E 25,0.16,1.0,6.1,-78.6096256684492,-36.0
ВИМ – Металлургия,2026-07-31,6,MTLRP,0.78,6.0,12.0,"долг 31,9 EBITDA · денежный поток < 0",31.9,1.0,40.2,,-51.0
ВИМ – Металлургия,2026-07-31,7,VSMO,6.9,4.0,12.0,ROE 0% · прибыль падает,0.92,0.0,0.1,-98.44378698224851,-16.3
ВИМ – Металлургия,2026-07-31,8,MAGN,10.16,4.0,12.0,ROE -2% · прибыль падает,-1.02,0.0,-2.1,-117.64705882352942,-35.6
ВИМ – Металлургия,2026-07-31,9,UGLD,1.38,3.0,12.0,денежный поток < 0,1.83,1.0,24.1,72.33560090702946,18.1
ВИМ – Металлургия,2026-07-31,10,ALRS,6.29,3.0,12.0,денежный поток < 0,1.53,1.0,8.9,70.75471698113209,-55.0
ВИМ – Металлургия,2026-07-31,11,NLMK,10.4,2.0,12.0,прибыль падает,-0.33,0.0,7.1,-48.19376026272578,-34.8
ВИМ – Металлургия,2026-07-31,12,RASP,2.2,2.0,12.0,ROE -39%,0.28,0.0,-38.8,,-40.9
ВИМ – Металлургия,2026-07-31,13,GMKN,9.71,0.7,12.0,"P/B 2,6",1.41,0.0,18.5,34.06862745098038,-0.7
ВИМ – Металлургия,2026-07-31,14,PHOR,9.68,0.7,12.0,"P/B 3,5",1.78,0.0,42.9,2.490039840637448,-10.2
ВИМ – Металлургия,2026-07-31,15,PLZL,6.75,0.7,12.0,"P/B 12,5",1.07,0.0,115.6,2.6797385620914937,-34.6
ВИМ – Металлургия,2026-07-31,16,EVRZ,8.51,0.0,12.0,,0.51,0.0,150.0,274.01960784313724,
ВИМ – Нефтегазовый сектор,2026-07-31,1,NKNC,1.19,8.0,12.0,"долг 3,6 EBITDA · денежный поток < 0 · прибыль падает",3.59,1.0,7.1,-11.726384364820841,-41.9
ВИМ – Нефтегазовый сектор,2026-07-31,2,NKNCP,2.61,8.0,12.0,"долг 3,6 EBITDA · денежный поток < 0 · прибыль падает",3.59,1.0,7.1,-11.726384364820841,-43.8
ВИМ – Нефтегазовый сектор,2026-07-31,3,FLOT,9.37,7.0,12.0,денежный поток < 0 · ROE -15% · прибыль падает,0.61,1.0,-14.7,-212.55411255411252,-3.6
ВИМ – Нефтегазовый сектор,2026-07-31,4,SIBN,9.43,5.0,12.0,денежный поток < 0 · прибыль падает,1.02,1.0,8.0,-48.738269030239834,-10.2
ВИМ – Нефтегазовый сектор,2026-07-31,5,KZOSP,2.87,5.0,12.0,денежный поток < 0 · прибыль падает,1.43,1.0,5.1,-31.132075471698116,-11.6
ВИМ – Нефтегазовый сектор,2026-07-31,6,LKOH,9.68,5.0,12.0,ROE 3% · прибыль падает · P/E 44,-0.31,0.0,2.8,-88.32807570977918,-21.8
ВИМ – Нефтегазовый сектор,2026-07-31,7,GAZP,8.32,5.0,12.0,денежный поток < 0 · прибыль падает,2.09,1.0,5.9,-26.488706365503077,-24.9
ВИМ – Нефтегазовый сектор,2026-07-31,8,KZOS,1.52,5.0,12.0,денежный поток < 0 · прибыль падает,1.43,1.0,5.1,-31.132075471698116,-34.0
ВИМ – Нефтегазовый сектор,2026-07-31,9,ROSN,8.77,4.0,12.0,ROE 3% · прибыль падает,0.0,0.0,3.2,-72.97047970479704,-17.1
ВИМ – Нефтегазовый сектор,2026-07-31,10,BANEP,9.96,2.0,12.0,прибыль падает,0.0,,5.4,-53.00859598853869,-0.9
ВИМ – Нефтегазовый сектор,2026-07-31,11,NVTK,9.18,2.0,12.0,прибыль падает,-0.05,0.0,6.5,-62.91793313069909,-1.6
ВИМ – Нефтегазовый сектор,2026-07-31,12,TATNP,5.92,2.0,12.0,прибыль падает,-0.1,0.0,12.0,-48.18686703691605,-16.1
ВИМ – Нефтегазовый сектор,2026-07-31,13,TRNFP,7.87,2.0,12.0,прибыль падает,-0.49,0.0,7.7,-21.411192214111917,-17.4
ВИМ – Нефтегазовый сектор,2026-07-31,14,TATN,3.88,2.0,12.0,прибыль падает,-0.1,0.0,12.0,-48.18686703691605,-18.7
ВИМ – Нефтегазовый сектор,2026-07-31,15,SNGSP,8.51,0.0,12.0,,-9.39,0.0,18.7,311.83800623052963,-9.4
ВИМ – Нефтегазовый сектор,2026-07-31,16,SNGS,0.92,0.0,12.0,,-9.39,0.0,18.7,311.83800623052963,-31.4
ВИМ – Перспективные размещения,2026-07-31,1,HNFG,5.23,5.7,12.0,"денежный поток < 0 · прибыль падает · P/B 2,8",0.36,1.0,23.0,-28.660436137071656,-42.1
ВИМ – Перспективные размещения,2026-07-31,2,PRMD,10.23,3.7,12.0,"денежный поток < 0 · P/B 4,5",1.42,1.0,26.8,146.15384615384616,-10.1
ВИМ – Перспективные размещения,2026-07-31,3,OZPH,8.82,3.7,12.0,"денежный поток < 0 · P/B 2,5",0.74,1.0,18.6,33.839479392624725,-12.4
ВИМ – Перспективные размещения,2026-07-31,4,ASTR,1.63,2.7,12.0,"прибыль падает · P/B 14,0",0.25,0.0,56.4,-2.6275115919629055,-56.7
ВИМ – Перспективные размещения,2026-07-31,5,SVCB,9.74,2.0,12.0,прибыль падает,,,15.0,-35.317460317460316,-38.1
ВИМ – Перспективные размещения,2026-07-31,6,VSEH,10.94,0.7,12.0,"P/B 6,7",-0.17,0.0,72.0,46.34146341463414,-1.7
ВИМ – Перспективные размещения,2026-07-31,7,DATA,9.64,0.7,12.0,"P/B 6,1",-0.95,0.0,49.4,36.92307692307693,-28.9
ВИМ – Перспективные размещения,2026-07-31,8,BAZA,9.93,0.7,12.0,"P/B 4,6",-0.42,0.0,40.1,8.823529411764719,
ВИМ – Перспективные размещения,2026-07-31,9,BTBR,9.81,0.7,12.0,"P/B 43,6",-0.39,0.0,100.4,5.397727272727271,
ВИМ – Перспективные размещения,2026-07-31,10,ZAYM,5.9,0.0,12.0,,,,30.1,10.687022900763354,-9.9
ВИМ – Перспективные размещения,2026-07-31,11,MBNK,8.18,0.0,12.0,,,,14.5,16.129032258064523,-27.5
ВИМ – Перспективные размещения,2026-07-31,12,DOMRF,9.95,0.0,12.0,,,,21.6,35.21341463414635,
ВИМ – Сбалансированный. Российские эмитенты,2026-07-31,1,MTSS,4.83,5.0,12.0,денежный поток < 0 · капитал < 0,1.97,1.0,-300.5,20.13651877133107,-12.8
ВИМ – Сбалансированный. Российские эмитенты,2026-07-31,2,GAZP,3.16,5.0,12.0,денежный поток < 0 · прибыль падает,2.09,1.0,5.9,-26.488706365503077,-24.9
ВИМ – Сбалансированный. Российские эмитенты,2026-07-31,3,MOEX,3.83,2.0,12.0,прибыль падает,0.0,,21.4,-27.965043695380764,-9.5
ВИМ – Сбалансированный. Российские эмитенты,2026-07-31,4,TATNP,6.05,2.0,12.0,прибыль падает,-0.1,0.0,12.0,-48.18686703691605,-16.1
ВИМ – Сбалансированный. Российские эмитенты,2026-07-31,5,TRNFP,7.84,2.0,12.0,прибыль падает,-0.49,0.0,7.7,-21.411192214111917,-17.4
ВИМ – Сбалансированный. Российские эмитенты,2026-07-31,6,HEAD,1.21,2.0,12.0,прибыль падает,-0.65,0.0,549.2,-14.754098360655732,-20.8
ВИМ – Сбалансированный. Российские эмитенты,2026-07-31,7,VTBR,4.76,2.0,12.0,прибыль падает,,,18.3,-9.639454511488877,-27.5
ВИМ – Сбалансированный. Российские эмитенты,2026-07-31,8,OZON,4.65,2.0,12.0,ROE 1%,1.32,0.0,0.6,,-31.9
ВИМ – Сбалансированный. Российские эмитенты,2026-07-31,9,RTKM,0.54,2.0,12.0,прибыль падает,1.65,0.0,5.1,-24.99999999999999,-33.0
ВИМ – Сбалансированный. Российские эмитенты,2026-07-31,10,CNRU,1.12,0.7,12.0,"P/B 15,3",-1.56,0.0,50.9,56.47058823529414,5.8
ВИМ – Сбалансированный. Российские эмитенты,2026-07-31,11,GMKN,3.16,0.7,12.0,"P/B 2,6",1.41,0.0,18.5,34.06862745098038,-0.7
ВИМ – Сбалансированный. Российские эмитенты,2026-07-31,12,VSEH,2.73,0.7,12.0,"P/B 6,7",-0.17,0.0,72.0,46.34146341463414,-1.7
ВИМ – Сбалансированный. Российские эмитенты,2026-07-31,13,YDEX,6.19,0.7,12.0,"P/B 11,0",0.46,0.0,40.3,40.13875123885033,-6.5
ВИМ – Сбалансированный. Российские эмитенты,2026-07-31,14,PLZL,2.27,0.7,12.0,"P/B 12,5",1.07,0.0,115.6,2.6797385620914937,-34.6
ВИМ – Сбалансированный. Российские эмитенты,2026-07-31,15,BAZA,9.16,0.7,12.0,"P/B 4,6",-0.42,0.0,40.1,8.823529411764719,
ВИМ – Сбалансированный. Российские эмитенты,2026-07-31,16,BTBR,0.95,0.7,12.0,"P/B 43,6",-0.39,0.0,100.4,5.397727272727271,
ВИМ – Сбалансированный. Российские эмитенты,2026-07-31,17,MRKZ,0.68,0.3,12.0,p12 54.2,0.29,0.0,21.6,1004.9250535331905,54.2
ВИМ – Сбалансированный. Российские эмитенты,2026-07-31,18,LSNGP,0.63,0.0,12.0,,-0.27,0.0,15.3,65.09433962264151,45.3
ВИМ – Сбалансированный. Российские эмитенты,2026-07-31,19,SBER,16.04,0.0,12.0,,,,22.7,7.901390644753481,-9.3
ВИМ – Сбалансированный. Российские эмитенты,2026-07-31,20,T,15.02,0.0,12.0,,,,29.1,44.607843137254896,-15.5
ВИМ – Сбалансированный. Российские эмитенты,2026-07-31,21,DOMRF,4.71,0.0,12.0,,,,21.6,35.21341463414635,
ДОХОДЪ – Российские акции. Первый эшелон,2026-07-31,1,AQUA,3.72,6.0,12.0,денежный поток < 0 · прибыль падает · P/E 20,2.41,1.0,5.4,-79.32038834951456,-46.7
ДОХОДЪ – Российские акции. Первый эшелон,2026-07-31,2,RAGR,3.85,5.0,12.0,денежный поток < 0 · прибыль падает,2.65,1.0,7.7,-48.75346260387812,-0.7
ДОХОДЪ – Российские акции. Первый эшелон,2026-07-31,3,IRAO,5.07,5.0,12.0,денежный поток < 0 · прибыль падает,-2.48,1.0,11.7,-9.153952843273228,-16.8
ДОХОДЪ – Российские акции. Первый эшелон,2026-07-31,4,LKOH,8.15,5.0,12.0,ROE 3% · прибыль падает · P/E 44,-0.31,0.0,2.8,-88.32807570977918,-21.8
ДОХОДЪ – Российские акции. Первый эшелон,2026-07-31,5,ROSN,3.44,4.0,12.0,ROE 3% · прибыль падает,0.0,0.0,3.2,-72.97047970479704,-17.1
ДОХОДЪ – Российские акции. Первый эшелон,2026-07-31,6,MAGN,4.29,4.0,12.0,ROE -2% · прибыль падает,-1.02,0.0,-2.1,-117.64705882352942,-35.6
ДОХОДЪ – Российские акции. Первый эшелон,2026-07-31,7,MSRS,4.46,3.0,12.0,денежный поток < 0,0.7,1.0,16.2,207.35294117647055,21.0
ДОХОДЪ – Российские акции. Первый эшелон,2026-07-31,8,BANEP,2.14,2.0,12.0,прибыль падает,0.0,,5.4,-53.00859598853869,-0.9
ДОХОДЪ – Российские акции. Первый эшелон,2026-07-31,9,NVTK,6.68,2.0,12.0,прибыль падает,-0.05,0.0,6.5,-62.91793313069909,-1.6
ДОХОДЪ – Российские акции. Первый эшелон,2026-07-31,10,GCHE,4.19,2.0,12.0,прибыль падает,2.36,0.0,13.0,-4.411764705882348,-6.6
ДОХОДЪ – Российские акции. Первый эшелон,2026-07-31,11,TRNFP,3.95,2.0,12.0,прибыль падает,-0.49,0.0,7.7,-21.411192214111917,-17.4
ДОХОДЪ – Российские акции. Первый эшелон,2026-07-31,12,BSPB,2.92,2.0,12.0,прибыль падает,,,18.1,-24.850894632206767,-34.0
ДОХОДЪ – Российские акции. Первый эшелон,2026-07-31,13,SVCB,5.22,2.0,12.0,прибыль падает,,,15.0,-35.317460317460316,-38.1
ДОХОДЪ – Российские акции. Первый эшелон,2026-07-31,14,YDEX,8.88,0.7,12.0,"P/B 11,0",0.46,0.0,40.3,40.13875123885033,-6.5
ДОХОДЪ – Российские акции. Первый эшелон,2026-07-31,15,BELU,3.19,0.7,12.0,"P/B 7,3",1.31,0.0,23.5,12.253829321663012,-38.0
ДОХОДЪ – Российские акции. Первый эшелон,2026-07-31,16,MRKP,4.18,0.0,12.0,,0.05,0.0,20.1,43.90243902439026,10.9
ДОХОДЪ – Российские акции. Первый эшелон,2026-07-31,17,MRKC,4.08,0.0,12.0,,0.88,0.0,15.8,76.82926829268293,-2.5
ДОХОДЪ – Российские акции. Первый эшелон,2026-07-31,18,SBERP,3.66,0.0,12.0,,,,22.7,7.901390644753481,-8.2
ДОХОДЪ – Российские акции. Первый эшелон,2026-07-31,19,SBER,4.04,0.0,12.0,,,,22.7,7.901390644753481,-9.3
ДОХОДЪ – Российские акции. Первый эшелон,2026-07-31,20,SNGSP,3.45,0.0,12.0,,-9.39,0.0,18.7,311.83800623052963,-9.4
ДОХОДЪ – Российские акции. Первый эшелон,2026-07-31,21,T,5.79,0.0,12.0,,,,29.1,44.607843137254896,-15.5
ДОХОДЪ – Российские акции. Первый эшелон,2026-07-31,22,DOMRF,4.64,0.0,12.0,,,,21.6,35.21341463414635,
Доверительная – фонд Российские акции,2026-07-31,1,MTSS,3.91,5.0,12.0,денежный поток < 0 · капитал < 0,1.97,1.0,-300.5,20.13651877133107,-12.8
Доверительная – фонд Российские акции,2026-07-31,2,IRAO,1.19,5.0,12.0,денежный поток < 0 · прибыль падает,-2.48,1.0,11.7,-9.153952843273228,-16.8
Доверительная – фонд Российские акции,2026-07-31,3,PRMD,3.41,3.7,12.0,"денежный поток < 0 · P/B 4,5",1.42,1.0,26.8,146.15384615384616,-10.1
Доверительная – фонд Российские акции,2026-07-31,4,OZPH,1.96,3.7,12.0,"денежный поток < 0 · P/B 2,5",0.74,1.0,18.6,33.839479392624725,-12.4
Доверительная – фонд Российские акции,2026-07-31,5,RENI,3.97,3.0,12.0,денежный поток < 0,,1.0,19.6,1.8518518518518379,-39.5
Доверительная – фонд Российские акции,2026-07-31,6,MOEX,4.56,2.0,12.0,прибыль падает,0.0,,21.4,-27.965043695380764,-9.5
Доверительная – фонд Российские акции,2026-07-31,7,TRNFP,3.71,2.0,12.0,прибыль падает,-0.49,0.0,7.7,-21.411192214111917,-17.4
Доверительная – фонд Российские акции,2026-07-31,8,HEAD,3.56,2.0,12.0,прибыль падает,-0.65,0.0,549.2,-14.754098360655732,-20.8
Доверительная – фонд Российские акции,2026-07-31,9,VTBR,5.59,2.0,12.0,прибыль падает,,,18.3,-9.639454511488877,-27.5
Доверительная – фонд Российские акции,2026-07-31,10,X5,4.04,2.0,12.0,прибыль падает,0.8,0.0,97.8,-13.89645776566757,-29.1
Доверительная – фонд Российские акции,2026-07-31,11,OZON,7.8,2.0,12.0,ROE 1%,1.32,0.0,0.6,,-31.9
Доверительная – фонд Российские акции,2026-07-31,12,SVCB,2.45,2.0,12.0,прибыль падает,,,15.0,-35.317460317460316,-38.1
Доверительная – фонд Российские акции,2026-07-31,13,LENT,2.7,0.7,12.0,"P/B 2,5",0.58,0.0,21.2,55.91836734693878,21.4
Доверительная – фонд Российские акции,2026-07-31,14,MDMG,2.3,0.7,12.0,"P/B 3,8",0.03,0.0,29.5,8.761329305135956,15.8
Доверительная – фонд Российские акции,2026-07-31,15,CNRU,2.75,0.7,12.0,"P/B 15,3",-1.56,0.0,50.9,56.47058823529414,5.8
Доверительная – фонд Российские акции,2026-07-31,16,GMKN,1.75,0.7,12.0,"P/B 2,6",1.41,0.0,18.5,34.06862745098038,-0.7
Доверительная – фонд Российские акции,2026-07-31,17,YDEX,9.42,0.7,12.0,"P/B 11,0",0.46,0.0,40.3,40.13875123885033,-6.5
Доверительная – фонд Российские акции,2026-07-31,18,DATA,1.9,0.7,12.0,"P/B 6,1",-0.95,0.0,49.4,36.92307692307693,-28.9
Доверительная – фонд Российские акции,2026-07-31,19,PLZL,6.16,0.7,12.0,"P/B 12,5",1.07,0.0,115.6,2.6797385620914937,-34.6
Доверительная – фонд Российские акции,2026-07-31,20,BTBR,3.43,0.7,12.0,"P/B 43,6",-0.39,0.0,100.4,5.397727272727271,
Доверительная – фонд Российские акции,2026-07-31,21,LSNGP,1.44,0.0,12.0,,-0.27,0.0,15.3,65.09433962264151,45.3
Доверительная – фонд Российские акции,2026-07-31,22,SBER,8.26,0.0,12.0,,,,22.7,7.901390644753481,-9.3
Доверительная – фонд Российские акции,2026-07-31,23,SNGSP,1.2,0.0,12.0,,-9.39,0.0,18.7,311.83800623052963,-9.4
Доверительная – фонд Российские акции,2026-07-31,24,T,9.12,0.0,12.0,,,,29.1,44.607843137254896,-15.5
Доверительная – фонд Российские акции,2026-07-31,25,DOMRF,3.43,0.0,12.0,,,,21.6,35.21341463414635,
Ингосстрах – Мои акции,2026-07-31,1,SELG,6.68,10.7,12.0,"долг 4,0 EBITDA · денежный поток < 0 · ROE -75% · прибыль падает · P/B 4,5",3.98,1.0,-74.6,-244.36363636363635,-29.5
Ингосстрах – Мои акции,2026-07-31,2,LKOH,6.96,5.0,12.0,ROE 3% · прибыль падает · P/E 44,-0.31,0.0,2.8,-88.32807570977918,-21.8
Ингосстрах – Мои акции,2026-07-31,3,GAZP,7.83,5.0,12.0,денежный поток < 0 · прибыль падает,2.09,1.0,5.9,-26.488706365503077,-24.9
Ингосстрах – Мои акции,2026-07-31,4,MAGN,2.48,4.0,12.0,ROE -2% · прибыль падает,-1.02,0.0,-2.1,-117.64705882352942,-35.6
Ингосстрах – Мои акции,2026-07-31,5,NVTK,8.49,2.0,12.0,прибыль падает,-0.05,0.0,6.5,-62.91793313069909,-1.6
Ингосстрах – Мои акции,2026-07-31,6,TRNFP,1.96,2.0,12.0,прибыль падает,-0.49,0.0,7.7,-21.411192214111917,-17.4
Ингосстрах – Мои акции,2026-07-31,7,HEAD,8.41,2.0,12.0,прибыль падает,-0.65,0.0,549.2,-14.754098360655732,-20.8
Ингосстрах – Мои акции,2026-07-31,8,OZON,6.85,2.0,12.0,ROE 1%,1.32,0.0,0.6,,-31.9
Ингосстрах – Мои акции,2026-07-31,9,CNRU,3.8,0.7,12.0,"P/B 15,3",-1.56,0.0,50.9,56.47058823529414,5.8
Ингосстрах – Мои акции,2026-07-31,10,GMKN,8.76,0.7,12.0,"P/B 2,6",1.41,0.0,18.5,34.06862745098038,-0.7
Ингосстрах – Мои акции,2026-07-31,11,YDEX,9.12,0.7,12.0,"P/B 11,0",0.46,0.0,40.3,40.13875123885033,-6.5
Ингосстрах – Мои акции,2026-07-31,12,PLZL,5.83,0.7,12.0,"P/B 12,5",1.07,0.0,115.6,2.6797385620914937,-34.6
Ингосстрах – Мои акции,2026-07-31,13,SBER,7.84,0.0,12.0,,,,22.7,7.901390644753481,-9.3
Ингосстрах – Мои акции,2026-07-31,14,SNGSP,1.72,0.0,12.0,,-9.39,0.0,18.7,311.83800623052963,-9.4
Ингосстрах – Мои акции,2026-07-31,15,T,8.7,0.0,12.0,,,,29.1,44.607843137254896,-15.5
Ингосстрах – Мои акции,2026-07-31,16,DOMRF,4.58,0.0,12.0,,,,21.6,35.21341463414635,
ОПИФ РФИ «Т-Капитал Баланс»,2026-07-31,1,AFKS,1.67,6.0,12.0,"долг 4,7 EBITDA · денежный поток < 0",4.68,1.0,128.6,,-42.8
ОПИФ РФИ «Т-Капитал Баланс»,2026-07-31,2,ROSN,4.05,4.0,12.0,ROE 3% · прибыль падает,0.0,0.0,3.2,-72.97047970479704,-17.1
ОПИФ РФИ «Т-Капитал Баланс»,2026-07-31,3,UGLD,3.96,3.0,12.0,денежный поток < 0,1.83,1.0,24.1,72.33560090702946,18.1
ОПИФ РФИ «Т-Капитал Баланс»,2026-07-31,4,NVTK,9.89,2.0,12.0,прибыль падает,-0.05,0.0,6.5,-62.91793313069909,-1.6
ОПИФ РФИ «Т-Капитал Баланс»,2026-07-31,5,TRNFP,1.37,2.0,12.0,прибыль падает,-0.49,0.0,7.7,-21.411192214111917,-17.4
ОПИФ РФИ «Т-Капитал Баланс»,2026-07-31,6,TATN,4.02,2.0,12.0,прибыль падает,-0.1,0.0,12.0,-48.18686703691605,-18.7
ОПИФ РФИ «Т-Капитал Баланс»,2026-07-31,7,OZON,8.15,2.0,12.0,ROE 1%,1.32,0.0,0.6,,-31.9
ОПИФ РФИ «Т-Капитал Баланс»,2026-07-31,8,SVCB,1.61,2.0,12.0,прибыль падает,,,15.0,-35.317460317460316,-38.1
ОПИФ РФИ «Т-Капитал Баланс»,2026-07-31,9,GMKN,7.3,0.7,12.0,"P/B 2,6",1.41,0.0,18.5,34.06862745098038,-0.7
ОПИФ РФИ «Т-Капитал Баланс»,2026-07-31,10,YDEX,4.36,0.7,12.0,"P/B 11,0",0.46,0.0,40.3,40.13875123885033,-6.5
ОПИФ РФИ «Т-Капитал Баланс»,2026-07-31,11,PHOR,4.26,0.7,12.0,"P/B 3,5",1.78,0.0,42.9,2.490039840637448,-10.2
ОПИФ РФИ «Т-Капитал Баланс»,2026-07-31,12,PLZL,4.0,0.7,12.0,"P/B 12,5",1.07,0.0,115.6,2.6797385620914937,-34.6
ОПИФ РФИ «Т-Капитал Баланс»,2026-07-31,13,LSNGP,14.36,0.0,12.0,,-0.27,0.0,15.3,65.09433962264151,45.3
ОПИФ РФИ «Т-Капитал Баланс»,2026-07-31,14,MRKP,3.73,0.0,12.0,,0.05,0.0,20.1,43.90243902439026,10.9
ОПИФ РФИ «Т-Капитал Баланс»,2026-07-31,15,SBER,16.57,0.0,12.0,,,,22.7,7.901390644753481,-9.3
ОПИФ РФИ «Т-Капитал Баланс»,2026-07-31,16,T,4.38,0.0,12.0,,,,29.1,44.607843137254896,-15.5
ОПИФ РФИ «Т-Капитал Баланс»,2026-07-31,17,DOMRF,6.32,0.0,12.0,,,,21.6,35.21341463414635,
ОПИФ РФИ «Т-Капитал Компании второго эшелона»,2026-07-31,1,AFKS,3.16,6.0,12.0,"долг 4,7 EBITDA · денежный поток < 0",4.68,1.0,128.6,,-42.8
ОПИФ РФИ «Т-Капитал Компании второго эшелона»,2026-07-31,2,SIBN,4.53,5.0,12.0,денежный поток < 0 · прибыль падает,1.02,1.0,8.0,-48.738269030239834,-10.2
ОПИФ РФИ «Т-Капитал Компании второго эшелона»,2026-07-31,3,MTSS,9.0,5.0,12.0,денежный поток < 0 · капитал < 0,1.97,1.0,-300.5,20.13651877133107,-12.8
ОПИФ РФИ «Т-Капитал Компании второго эшелона»,2026-07-31,4,UGLD,2.74,3.0,12.0,денежный поток < 0,1.83,1.0,24.1,72.33560090702946,18.1
ОПИФ РФИ «Т-Капитал Компании второго эшелона»,2026-07-31,5,BANEP,7.53,2.0,12.0,прибыль падает,0.0,,5.4,-53.00859598853869,-0.9
ОПИФ РФИ «Т-Капитал Компании второго эшелона»,2026-07-31,6,TRNFP,7.61,2.0,12.0,прибыль падает,-0.49,0.0,7.7,-21.411192214111917,-17.4
ОПИФ РФИ «Т-Капитал Компании второго эшелона»,2026-07-31,7,HEAD,8.12,2.0,12.0,прибыль падает,-0.65,0.0,549.2,-14.754098360655732,-20.8
ОПИФ РФИ «Т-Капитал Компании второго эшелона»,2026-07-31,8,RTKM,1.85,2.0,12.0,прибыль падает,1.65,0.0,5.1,-24.99999999999999,-33.0
ОПИФ РФИ «Т-Капитал Компании второго эшелона»,2026-07-31,9,SVCB,8.45,2.0,12.0,прибыль падает,,,15.0,-35.317460317460316,-38.1
ОПИФ РФИ «Т-Капитал Компании второго эшелона»,2026-07-31,10,CNRU,6.23,0.7,12.0,"P/B 15,3",-1.56,0.0,50.9,56.47058823529414,5.8
ОПИФ РФИ «Т-Капитал Компании второго эшелона»,2026-07-31,11,DATA,3.59,0.7,12.0,"P/B 6,1",-0.95,0.0,49.4,36.92307692307693,-28.9
ОПИФ РФИ «Т-Капитал Компании второго эшелона»,2026-07-31,12,BELU,2.5,0.7,12.0,"P/B 7,3",1.31,0.0,23.5,12.253829321663012,-38.0
ОПИФ РФИ «Т-Капитал Компании второго эшелона»,2026-07-31,13,LSNGP,8.84,0.0,12.0,,-0.27,0.0,15.3,65.09433962264151,45.3
ОПИФ РФИ «Т-Капитал Компании второго эшелона»,2026-07-31,14,SBER,3.69,0.0,12.0,,,,22.7,7.901390644753481,-9.3
ОПИФ РФИ «Т-Капитал Компании второго эшелона»,2026-07-31,15,SNGSP,6.34,0.0,12.0,,-9.39,0.0,18.7,311.83800623052963,-9.4
ОПИФ РФИ «Т-Капитал Компании второго эшелона»,2026-07-31,16,NMTP,7.21,0.0,12.0,,-0.81,0.0,20.8,6.68449197860963,-13.2
ОПИФ РФИ «Т-Капитал Компании второго эшелона»,2026-07-31,17,DOMRF,8.6,0.0,12.0,,,,21.6,35.21341463414635,
ПСБ – Акции,2026-07-31,1,MTSS,1.08,5.0,12.0,денежный поток < 0 · капитал < 0,1.97,1.0,-300.5,20.13651877133107,-12.8
ПСБ – Акции,2026-07-31,2,LKOH,8.14,5.0,12.0,ROE 3% · прибыль падает · P/E 44,-0.31,0.0,2.8,-88.32807570977918,-21.8
ПСБ – Акции,2026-07-31,3,ROSN,0.93,4.0,12.0,ROE 3% · прибыль падает,0.0,0.0,3.2,-72.97047970479704,-17.1
ПСБ – Акции,2026-07-31,4,OZPH,1.13,3.7,12.0,"денежный поток < 0 · P/B 2,5",0.74,1.0,18.6,33.839479392624725,-12.4
ПСБ – Акции,2026-07-31,5,NVTK,6.99,2.0,12.0,прибыль падает,-0.05,0.0,6.5,-62.91793313069909,-1.6
ПСБ – Акции,2026-07-31,6,MOEX,2.8,2.0,12.0,прибыль падает,0.0,,21.4,-27.965043695380764,-9.5
ПСБ – Акции,2026-07-31,7,TATNP,0.61,2.0,12.0,прибыль падает,-0.1,0.0,12.0,-48.18686703691605,-16.1
ПСБ – Акции,2026-07-31,8,TRNFP,3.41,2.0,12.0,прибыль падает,-0.49,0.0,7.7,-21.411192214111917,-17.4
ПСБ – Акции,2026-07-31,9,TATN,7.08,2.0,12.0,прибыль падает,-0.1,0.0,12.0,-48.18686703691605,-18.7
ПСБ – Акции,2026-07-31,10,HEAD,6.61,2.0,12.0,прибыль падает,-0.65,0.0,549.2,-14.754098360655732,-20.8
ПСБ – Акции,2026-07-31,11,VTBR,1.61,2.0,12.0,прибыль падает,,,18.3,-9.639454511488877,-27.5
ПСБ – Акции,2026-07-31,12,X5,4.33,2.0,12.0,прибыль падает,0.8,0.0,97.8,-13.89645776566757,-29.1
ПСБ – Акции,2026-07-31,13,OZON,3.1,2.0,12.0,ROE 1%,1.32,0.0,0.6,,-31.9
ПСБ – Акции,2026-07-31,14,NLMK,0.81,2.0,12.0,прибыль падает,-0.33,0.0,7.1,-48.19376026272578,-34.8
ПСБ – Акции,2026-07-31,15,LENT,2.73,0.7,12.0,"P/B 2,5",0.58,0.0,21.2,55.91836734693878,21.4
ПСБ – Акции,2026-07-31,16,CNRU,2.79,0.7,12.0,"P/B 15,3",-1.56,0.0,50.9,56.47058823529414,5.8
ПСБ – Акции,2026-07-31,17,GMKN,4.89,0.7,12.0,"P/B 2,6",1.41,0.0,18.5,34.06862745098038,-0.7
ПСБ – Акции,2026-07-31,18,YDEX,9.11,0.7,12.0,"P/B 11,0",0.46,0.0,40.3,40.13875123885033,-6.5
ПСБ – Акции,2026-07-31,19,PHOR,1.01,0.7,12.0,"P/B 3,5",1.78,0.0,42.9,2.490039840637448,-10.2
ПСБ – Акции,2026-07-31,20,PLZL,2.96,0.7,12.0,"P/B 12,5",1.07,0.0,115.6,2.6797385620914937,-34.6
ПСБ – Акции,2026-07-31,21,LSNGP,0.67,0.0,12.0,,-0.27,0.0,15.3,65.09433962264151,45.3
ПСБ – Акции,2026-07-31,22,MRKP,0.52,0.0,12.0,,0.05,0.0,20.1,43.90243902439026,10.9
ПСБ – Акции,2026-07-31,23,SBER,8.59,0.0,12.0,,,,22.7,7.901390644753481,-9.3
ПСБ – Акции,2026-07-31,24,SNGSP,1.59,0.0,12.0,,-9.39,0.0,18.7,311.83800623052963,-9.4
ПСБ – Акции,2026-07-31,25,NMTP,0.6,0.0,12.0,,-0.81,0.0,20.8,6.68449197860963,-13.2
ПСБ – Акции,2026-07-31,26,T,9.02,0.0,12.0,,,,29.1,44.607843137254896,-15.5
ПСБ – Акции,2026-07-31,27,DOMRF,4.14,0.0,12.0,,,,21.6,35.21341463414635,
ПСБ – Дивидендные акции,2026-07-31,1,SIBN,0.89,5.0,12.0,денежный поток < 0 · прибыль падает,1.02,1.0,8.0,-48.738269030239834,-10.2
ПСБ – Дивидендные акции,2026-07-31,2,MTSS,7.64,5.0,12.0,денежный поток < 0 · капитал < 0,1.97,1.0,-300.5,20.13651877133107,-12.8
ПСБ – Дивидендные акции,2026-07-31,3,LKOH,9.19,5.0,12.0,ROE 3% · прибыль падает · P/E 44,-0.31,0.0,2.8,-88.32807570977918,-21.8
ПСБ – Дивидендные акции,2026-07-31,4,ROSN,0.63,4.0,12.0,ROE 3% · прибыль падает,0.0,0.0,3.2,-72.97047970479704,-17.1
ПСБ – Дивидендные акции,2026-07-31,5,OZPH,1.12,3.7,12.0,"денежный поток < 0 · P/B 2,5",0.74,1.0,18.6,33.839479392624725,-12.4
ПСБ – Дивидендные акции,2026-07-31,6,NVTK,9.26,2.0,12.0,прибыль падает,-0.05,0.0,6.5,-62.91793313069909,-1.6
ПСБ – Дивидендные акции,2026-07-31,7,MOEX,4.54,2.0,12.0,прибыль падает,0.0,,21.4,-27.965043695380764,-9.5
ПСБ – Дивидендные акции,2026-07-31,8,TATNP,0.52,2.0,12.0,прибыль падает,-0.1,0.0,12.0,-48.18686703691605,-16.1
ПСБ – Дивидендные акции,2026-07-31,9,TRNFP,7.75,2.0,12.0,прибыль падает,-0.49,0.0,7.7,-21.411192214111917,-17.4
ПСБ – Дивидендные акции,2026-07-31,10,TATN,7.32,2.0,12.0,прибыль падает,-0.1,0.0,12.0,-48.18686703691605,-18.7
ПСБ – Дивидендные акции,2026-07-31,11,VTBR,4.13,2.0,12.0,прибыль падает,,,18.3,-9.639454511488877,-27.5
ПСБ – Дивидендные акции,2026-07-31,12,X5,6.72,2.0,12.0,прибыль падает,0.8,0.0,97.8,-13.89645776566757,-29.1
ПСБ – Дивидендные акции,2026-07-31,13,NLMK,2.79,2.0,12.0,прибыль падает,-0.33,0.0,7.1,-48.19376026272578,-34.8
ПСБ – Дивидендные акции,2026-07-31,14,SVCB,0.55,2.0,12.0,прибыль падает,,,15.0,-35.317460317460316,-38.1
ПСБ – Дивидендные акции,2026-07-31,15,GMKN,1.16,0.7,12.0,"P/B 2,6",1.41,0.0,18.5,34.06862745098038,-0.7
ПСБ – Дивидендные акции,2026-07-31,16,YDEX,2.57,0.7,12.0,"P/B 11,0",0.46,0.0,40.3,40.13875123885033,-6.5
ПСБ – Дивидендные акции,2026-07-31,17,PHOR,1.97,0.7,12.0,"P/B 3,5",1.78,0.0,42.9,2.490039840637448,-10.2
ПСБ – Дивидендные акции,2026-07-31,18,PLZL,4.65,0.7,12.0,"P/B 12,5",1.07,0.0,115.6,2.6797385620914937,-34.6
ПСБ – Дивидендные акции,2026-07-31,19,BTBR,0.89,0.7,12.0,"P/B 43,6",-0.39,0.0,100.4,5.397727272727271,
ПСБ – Дивидендные акции,2026-07-31,20,MRKP,3.59,0.0,12.0,,0.05,0.0,20.1,43.90243902439026,10.9
ПСБ – Дивидендные акции,2026-07-31,21,MRKC,1.54,0.0,12.0,,0.88,0.0,15.8,76.82926829268293,-2.5
ПСБ – Дивидендные акции,2026-07-31,22,SBER,8.18,0.0,12.0,,,,22.7,7.901390644753481,-9.3
ПСБ – Дивидендные акции,2026-07-31,23,SNGSP,3.02,0.0,12.0,,-9.39,0.0,18.7,311.83800623052963,-9.4
ПСБ – Дивидендные акции,2026-07-31,24,NMTP,3.89,0.0,12.0,,-0.81,0.0,20.8,6.68449197860963,-13.2
ПСБ – Дивидендные акции,2026-07-31,25,DOMRF,4.66,0.0,12.0,,,,21.6,35.21341463414635,
ПСБ – Капитал перспектива,2026-07-31,1,FLOT,0.68,7.0,12.0,денежный поток < 0 · ROE -15% · прибыль падает,0.61,1.0,-14.7,-212.55411255411252,-3.6
ПСБ – Капитал перспектива,2026-07-31,2,CHMF,0.72,6.0,12.0,денежный поток < 0 · прибыль падает · P/E 25,0.16,1.0,6.1,-78.6096256684492,-36.0
ПСБ – Капитал перспектива,2026-07-31,3,MTSS,1.05,5.0,12.0,денежный поток < 0 · капитал < 0,1.97,1.0,-300.5,20.13651877133107,-12.8
ПСБ – Капитал перспектива,2026-07-31,4,LKOH,6.98,5.0,12.0,ROE 3% · прибыль падает · P/E 44,-0.31,0.0,2.8,-88.32807570977918,-21.8
ПСБ – Капитал перспектива,2026-07-31,5,ROSN,1.57,4.0,12.0,ROE 3% · прибыль падает,0.0,0.0,3.2,-72.97047970479704,-17.1
ПСБ – Капитал перспектива,2026-07-31,6,OZPH,1.29,3.7,12.0,"денежный поток < 0 · P/B 2,5",0.74,1.0,18.6,33.839479392624725,-12.4
ПСБ – Капитал перспектива,2026-07-31,7,NVTK,9.15,2.0,12.0,прибыль падает,-0.05,0.0,6.5,-62.91793313069909,-1.6
ПСБ – Капитал перспектива,2026-07-31,8,MOEX,1.09,2.0,12.0,прибыль падает,0.0,,21.4,-27.965043695380764,-9.5
ПСБ – Капитал перспектива,2026-07-31,9,TRNFP,3.69,2.0,12.0,прибыль падает,-0.49,0.0,7.7,-21.411192214111917,-17.4
ПСБ – Капитал перспектива,2026-07-31,10,TATN,7.6,2.0,12.0,прибыль падает,-0.1,0.0,12.0,-48.18686703691605,-18.7
ПСБ – Капитал перспектива,2026-07-31,11,HEAD,5.76,2.0,12.0,прибыль падает,-0.65,0.0,549.2,-14.754098360655732,-20.8
ПСБ – Капитал перспектива,2026-07-31,12,VTBR,3.25,2.0,12.0,прибыль падает,,,18.3,-9.639454511488877,-27.5
ПСБ – Капитал перспектива,2026-07-31,13,X5,3.23,2.0,12.0,прибыль падает,0.8,0.0,97.8,-13.89645776566757,-29.1
ПСБ – Капитал перспектива,2026-07-31,14,OZON,1.76,2.0,12.0,ROE 1%,1.32,0.0,0.6,,-31.9
ПСБ – Капитал перспектива,2026-07-31,15,NLMK,0.7,2.0,12.0,прибыль падает,-0.33,0.0,7.1,-48.19376026272578,-34.8
ПСБ – Капитал перспектива,2026-07-31,16,LENT,4.6,0.7,12.0,"P/B 2,5",0.58,0.0,21.2,55.91836734693878,21.4
ПСБ – Капитал перспектива,2026-07-31,17,CNRU,1.96,0.7,12.0,"P/B 15,3",-1.56,0.0,50.9,56.47058823529414,5.8
ПСБ – Капитал перспектива,2026-07-31,18,GMKN,4.43,0.7,12.0,"P/B 2,6",1.41,0.0,18.5,34.06862745098038,-0.7
ПСБ – Капитал перспектива,2026-07-31,19,YDEX,8.48,0.7,12.0,"P/B 11,0",0.46,0.0,40.3,40.13875123885033,-6.5
ПСБ – Капитал перспектива,2026-07-31,20,PHOR,2.05,0.7,12.0,"P/B 3,5",1.78,0.0,42.9,2.490039840637448,-10.2
ПСБ – Капитал перспектива,2026-07-31,21,PLZL,5.44,0.7,12.0,"P/B 12,5",1.07,0.0,115.6,2.6797385620914937,-34.6
ПСБ – Капитал перспектива,2026-07-31,22,MRKP,0.53,0.0,12.0,,0.05,0.0,20.1,43.90243902439026,10.9
ПСБ – Капитал перспектива,2026-07-31,23,SBER,8.01,0.0,12.0,,,,22.7,7.901390644753481,-9.3
ПСБ – Капитал перспектива,2026-07-31,24,SNGSP,1.64,0.0,12.0,,-9.39,0.0,18.7,311.83800623052963,-9.4
ПСБ – Капитал перспектива,2026-07-31,25,NMTP,0.63,0.0,12.0,,-0.81,0.0,20.8,6.68449197860963,-13.2
ПСБ – Капитал перспектива,2026-07-31,26,T,7.83,0.0,12.0,,,,29.1,44.607843137254896,-15.5
ПСБ – Капитал перспектива,2026-07-31,27,DOMRF,3.83,0.0,12.0,,,,21.6,35.21341463414635,
ПСБ – Недра России,2026-07-31,1,CHMF,2.36,6.0,12.0,денежный поток < 0 · прибыль падает · P/E 25,0.16,1.0,6.1,-78.6096256684492,-36.0
ПСБ – Недра России,2026-07-31,2,SIBN,2.93,5.0,12.0,денежный поток < 0 · прибыль падает,1.02,1.0,8.0,-48.738269030239834,-10.2
ПСБ – Недра России,2026-07-31,3,LKOH,9.72,5.0,12.0,ROE 3% · прибыль падает · P/E 44,-0.31,0.0,2.8,-88.32807570977918,-21.8
ПСБ – Недра России,2026-07-31,4,GAZP,4.32,5.0,12.0,денежный поток < 0 · прибыль падает,2.09,1.0,5.9,-26.488706365503077,-24.9
ПСБ – Недра России,2026-07-31,5,ROSN,5.21,4.0,12.0,ROE 3% · прибыль падает,0.0,0.0,3.2,-72.97047970479704,-17.1
ПСБ – Недра России,2026-07-31,6,MAGN,1.18,4.0,12.0,ROE -2% · прибыль падает,-1.02,0.0,-2.1,-117.64705882352942,-35.6
ПСБ – Недра России,2026-07-31,7,NVTK,9.36,2.0,12.0,прибыль падает,-0.05,0.0,6.5,-62.91793313069909,-1.6
ПСБ – Недра России,2026-07-31,8,TRNFP,7.5,2.0,12.0,прибыль падает,-0.49,0.0,7.7,-21.411192214111917,-17.4
ПСБ – Недра России,2026-07-31,9,TATN,9.76,2.0,12.0,прибыль падает,-0.1,0.0,12.0,-48.18686703691605,-18.7
ПСБ – Недра России,2026-07-31,10,NLMK,4.76,2.0,12.0,прибыль падает,-0.33,0.0,7.1,-48.19376026272578,-34.8
ПСБ – Недра России,2026-07-31,11,GMKN,9.38,0.7,12.0,"P/B 2,6",1.41,0.0,18.5,34.06862745098038,-0.7
ПСБ – Недра России,2026-07-31,12,PHOR,9.03,0.7,12.0,"P/B 3,5",1.78,0.0,42.9,2.490039840637448,-10.2
ПСБ – Недра России,2026-07-31,13,PLZL,6.76,0.7,12.0,"P/B 12,5",1.07,0.0,115.6,2.6797385620914937,-34.6
ПСБ – Недра России,2026-07-31,14,MRKU,0.52,0.3,12.0,p12 67.9,0.54,0.0,16.1,6.451612903225801,67.9
ПСБ – Недра России,2026-07-31,15,MRKP,5.03,0.0,12.0,,0.05,0.0,20.1,43.90243902439026,10.9
ПСБ – Недра России,2026-07-31,16,MRKC,2.77,0.0,12.0,,0.88,0.0,15.8,76.82926829268293,-2.5
ПСБ – Недра России,2026-07-31,17,SNGSP,5.43,0.0,12.0,,-9.39,0.0,18.7,311.83800623052963,-9.4
ПСБ – Недра России,2026-07-31,18,NMTP,3.38,0.0,12.0,,-0.81,0.0,20.8,6.68449197860963,-13.2
ПСБ – Окно возможностей,2026-07-31,1,MTSS,2.49,5.0,12.0,денежный поток < 0 · капитал < 0,1.97,1.0,-300.5,20.13651877133107,-12.8
ПСБ – Окно возможностей,2026-07-31,2,LKOH,3.31,5.0,12.0,ROE 3% · прибыль падает · P/E 44,-0.31,0.0,2.8,-88.32807570977918,-21.8
ПСБ – Окно возможностей,2026-07-31,3,PRMD,3.89,3.7,12.0,"денежный поток < 0 · P/B 4,5",1.42,1.0,26.8,146.15384615384616,-10.1
ПСБ – Окно возможностей,2026-07-31,4,OZPH,4.42,3.7,12.0,"денежный поток < 0 · P/B 2,5",0.74,1.0,18.6,33.839479392624725,-12.4
ПСБ – Окно возможностей,2026-07-31,5,POSI,1.36,3.0,12.0,денежный поток < 0,1.72,1.0,29.9,98.90710382513662,-30.9
ПСБ – Окно возможностей,2026-07-31,6,RENI,0.56,3.0,12.0,денежный поток < 0,,1.0,19.6,1.8518518518518379,-39.5
ПСБ – Окно возможностей,2026-07-31,7,NVTK,6.12,2.0,12.0,прибыль падает,-0.05,0.0,6.5,-62.91793313069909,-1.6
ПСБ – Окно возможностей,2026-07-31,8,MOEX,2.24,2.0,12.0,прибыль падает,0.0,,21.4,-27.965043695380764,-9.5
ПСБ – Окно возможностей,2026-07-31,9,TRNFP,1.93,2.0,12.0,прибыль падает,-0.49,0.0,7.7,-21.411192214111917,-17.4
ПСБ – Окно возможностей,2026-07-31,10,TATN,5.35,2.0,12.0,прибыль падает,-0.1,0.0,12.0,-48.18686703691605,-18.7
ПСБ – Окно возможностей,2026-07-31,11,VTBR,6.09,2.0,12.0,прибыль падает,,,18.3,-9.639454511488877,-27.5
ПСБ – Окно возможностей,2026-07-31,12,X5,3.47,2.0,12.0,прибыль падает,0.8,0.0,97.8,-13.89645776566757,-29.1
ПСБ – Окно возможностей,2026-07-31,13,RTKM,1.75,2.0,12.0,прибыль падает,1.65,0.0,5.1,-24.99999999999999,-33.0
ПСБ – Окно возможностей,2026-07-31,14,SVCB,3.25,2.0,12.0,прибыль падает,,,15.0,-35.317460317460316,-38.1
ПСБ – Окно возможностей,2026-07-31,15,GMKN,3.87,0.7,12.0,"P/B 2,6",1.41,0.0,18.5,34.06862745098038,-0.7
ПСБ – Окно возможностей,2026-07-31,16,YDEX,8.52,0.7,12.0,"P/B 11,0",0.46,0.0,40.3,40.13875123885033,-6.5
ПСБ – Окно возможностей,2026-07-31,17,PHOR,1.62,0.7,12.0,"P/B 3,5",1.78,0.0,42.9,2.490039840637448,-10.2
ПСБ – Окно возможностей,2026-07-31,18,DATA,0.93,0.7,12.0,"P/B 6,1",-0.95,0.0,49.4,36.92307692307693,-28.9
ПСБ – Окно возможностей,2026-07-31,19,PLZL,3.22,0.7,12.0,"P/B 12,5",1.07,0.0,115.6,2.6797385620914937,-34.6
ПСБ – Окно возможностей,2026-07-31,20,BELU,2.17,0.7,12.0,"P/B 7,3",1.31,0.0,23.5,12.253829321663012,-38.0
ПСБ – Окно возможностей,2026-07-31,21,BTBR,0.86,0.7,12.0,"P/B 43,6",-0.39,0.0,100.4,5.397727272727271,
ПСБ – Окно возможностей,2026-07-31,22,BAZA,1.68,0.7,12.0,"P/B 4,6",-0.42,0.0,40.1,8.823529411764719,
ПСБ – Окно возможностей,2026-07-31,23,MRKU,0.67,0.3,12.0,p12 67.9,0.54,0.0,16.1,6.451612903225801,67.9
ПСБ – Окно возможностей,2026-07-31,24,LSNGP,2.13,0.0,12.0,,-0.27,0.0,15.3,65.09433962264151,45.3
ПСБ – Окно возможностей,2026-07-31,25,MRKP,5.1,0.0,12.0,,0.05,0.0,20.1,43.90243902439026,10.9
ПСБ – Окно возможностей,2026-07-31,26,MRKC,1.7,0.0,12.0,,0.88,0.0,15.8,76.82926829268293,-2.5
ПСБ – Окно возможностей,2026-07-31,27,SBER,7.67,0.0,12.0,,,,22.7,7.901390644753481,-9.3
ПСБ – Окно возможностей,2026-07-31,28,SNGSP,1.64,0.0,12.0,,-9.39,0.0,18.7,311.83800623052963,-9.4
ПСБ – Окно возможностей,2026-07-31,29,NMTP,2.25,0.0,12.0,,-0.81,0.0,20.8,6.68449197860963,-13.2
ПСБ – Окно возможностей,2026-07-31,30,DOMRF,8.94,0.0,12.0,,,,21.6,35.21341463414635,
ПСБ – Сбалансированный,2026-07-31,1,FLOT,1.39,7.0,12.0,денежный поток < 0 · ROE -15% · прибыль падает,0.61,1.0,-14.7,-212.55411255411252,-3.6
ПСБ – Сбалансированный,2026-07-31,2,MTSS,1.37,5.0,12.0,денежный поток < 0 · капитал < 0,1.97,1.0,-300.5,20.13651877133107,-12.8
ПСБ – Сбалансированный,2026-07-31,3,LKOH,10.62,5.0,12.0,ROE 3% · прибыль падает · P/E 44,-0.31,0.0,2.8,-88.32807570977918,-21.8
ПСБ – Сбалансированный,2026-07-31,4,ROSN,1.42,4.0,12.0,ROE 3% · прибыль падает,0.0,0.0,3.2,-72.97047970479704,-17.1
ПСБ – Сбалансированный,2026-07-31,5,OZPH,0.89,3.7,12.0,"денежный поток < 0 · P/B 2,5",0.74,1.0,18.6,33.839479392624725,-12.4
ПСБ – Сбалансированный,2026-07-31,6,NVTK,8.08,2.0,12.0,прибыль падает,-0.05,0.0,6.5,-62.91793313069909,-1.6
ПСБ – Сбалансированный,2026-07-31,7,MOEX,1.27,2.0,12.0,прибыль падает,0.0,,21.4,-27.965043695380764,-9.5
ПСБ – Сбалансированный,2026-07-31,8,TRNFP,3.26,2.0,12.0,прибыль падает,-0.49,0.0,7.7,-21.411192214111917,-17.4
ПСБ – Сбалансированный,2026-07-31,9,TATN,6.36,2.0,12.0,прибыль падает,-0.1,0.0,12.0,-48.18686703691605,-18.7
ПСБ – Сбалансированный,2026-07-31,10,HEAD,5.15,2.0,12.0,прибыль падает,-0.65,0.0,549.2,-14.754098360655732,-20.8
ПСБ – Сбалансированный,2026-07-31,11,VTBR,4.59,2.0,12.0,прибыль падает,,,18.3,-9.639454511488877,-27.5
ПСБ – Сбалансированный,2026-07-31,12,X5,2.76,2.0,12.0,прибыль падает,0.8,0.0,97.8,-13.89645776566757,-29.1
ПСБ – Сбалансированный,2026-07-31,13,OZON,0.57,2.0,12.0,ROE 1%,1.32,0.0,0.6,,-31.9
ПСБ – Сбалансированный,2026-07-31,14,LENT,3.2,0.7,12.0,"P/B 2,5",0.58,0.0,21.2,55.91836734693878,21.4
ПСБ – Сбалансированный,2026-07-31,15,CNRU,1.55,0.7,12.0,"P/B 15,3",-1.56,0.0,50.9,56.47058823529414,5.8
ПСБ – Сбалансированный,2026-07-31,16,GMKN,3.65,0.7,12.0,"P/B 2,6",1.41,0.0,18.5,34.06862745098038,-0.7
ПСБ – Сбалансированный,2026-07-31,17,YDEX,10.15,0.7,12.0,"P/B 11,0",0.46,0.0,40.3,40.13875123885033,-6.5
ПСБ – Сбалансированный,2026-07-31,18,PHOR,1.37,0.7,12.0,"P/B 3,5",1.78,0.0,42.9,2.490039840637448,-10.2
ПСБ – Сбалансированный,2026-07-31,19,PLZL,4.43,0.7,12.0,"P/B 12,5",1.07,0.0,115.6,2.6797385620914937,-34.6
ПСБ – Сбалансированный,2026-07-31,20,SBER,13.76,0.0,12.0,,,,22.7,7.901390644753481,-9.3
ПСБ – Сбалансированный,2026-07-31,21,SNGSP,1.05,0.0,12.0,,-9.39,0.0,18.7,311.83800623052963,-9.4
ПСБ – Сбалансированный,2026-07-31,22,T,7.28,0.0,12.0,,,,29.1,44.607843137254896,-15.5
ПСБ – Сбалансированный,2026-07-31,23,DOMRF,4.06,0.0,12.0,,,,21.6,35.21341463414635,
РСХБ – Новый импульс,2026-07-31,1,GLRX,4.35,6.0,12.0,"долг 3,5 EBITDA · денежный поток < 0",3.48,1.0,42.9,145.6,
РСХБ – Новый импульс,2026-07-31,2,HNFG,2.15,5.7,12.0,"денежный поток < 0 · прибыль падает · P/B 2,8",0.36,1.0,23.0,-28.660436137071656,-42.1
РСХБ – Новый импульс,2026-07-31,3,PRMD,9.18,3.7,12.0,"денежный поток < 0 · P/B 4,5",1.42,1.0,26.8,146.15384615384616,-10.1
РСХБ – Новый импульс,2026-07-31,4,OZPH,9.29,3.7,12.0,"денежный поток < 0 · P/B 2,5",0.74,1.0,18.6,33.839479392624725,-12.4
РСХБ – Новый импульс,2026-07-31,5,ASTR,5.09,2.7,12.0,"прибыль падает · P/B 14,0",0.25,0.0,56.4,-2.6275115919629055,-56.7
РСХБ – Новый импульс,2026-07-31,6,SVCB,9.29,2.0,12.0,прибыль падает,,,15.0,-35.317460317460316,-38.1
РСХБ – Новый импульс,2026-07-31,7,VSEH,11.17,0.7,12.0,"P/B 6,7",-0.17,0.0,72.0,46.34146341463414,-1.7
РСХБ – Новый импульс,2026-07-31,8,DATA,8.52,0.7,12.0,"P/B 6,1",-0.95,0.0,49.4,36.92307692307693,-28.9
РСХБ – Новый импульс,2026-07-31,9,BAZA,10.57,0.7,12.0,"P/B 4,6",-0.42,0.0,40.1,8.823529411764719,
РСХБ – Новый импульс,2026-07-31,10,BTBR,8.94,0.7,12.0,"P/B 43,6",-0.39,0.0,100.4,5.397727272727271,
РСХБ – Новый импульс,2026-07-31,11,T,5.14,0.0,12.0,,,,29.1,44.607843137254896,-15.5
РСХБ – Новый импульс,2026-07-31,12,MBNK,7.23,0.0,12.0,,,,14.5,16.129032258064523,-27.5
РСХБ – Новый импульс,2026-07-31,13,DOMRF,9.05,0.0,12.0,,,,21.6,35.21341463414635,
РСХБ – Фонд акций,2026-07-31,1,RUAL,1.0,10.0,12.0,"долг 7,1 EBITDA · денежный поток < 0 · ROE -7% · прибыль падает",7.07,1.0,-7.2,-200.611620795107,-19.9
РСХБ – Фонд акций,2026-07-31,2,FLOT,0.8,7.0,12.0,денежный поток < 0 · ROE -15% · прибыль падает,0.61,1.0,-14.7,-212.55411255411252,-3.6
РСХБ – Фонд акций,2026-07-31,3,CHMF,0.94,6.0,12.0,денежный поток < 0 · прибыль падает · P/E 25,0.16,1.0,6.1,-78.6096256684492,-36.0
РСХБ – Фонд акций,2026-07-31,4,AFLT,0.59,5.7,12.0,"денежный поток < 0 · прибыль падает · P/B 6,1",2.89,1.0,34.0,-64.797507788162,-41.9
РСХБ – Фонд акций,2026-07-31,5,MTSS,2.3,5.0,12.0,денежный поток < 0 · капитал < 0,1.97,1.0,-300.5,20.13651877133107,-12.8
РСХБ – Фонд акций,2026-07-31,6,LKOH,5.3,5.0,12.0,ROE 3% · прибыль падает · P/E 44,-0.31,0.0,2.8,-88.32807570977918,-21.8
РСХБ – Фонд акций,2026-07-31,7,GAZP,0.93,5.0,12.0,денежный поток < 0 · прибыль падает,2.09,1.0,5.9,-26.488706365503077,-24.9
РСХБ – Фонд акций,2026-07-31,8,MAGN,0.59,4.0,12.0,ROE -2% · прибыль падает,-1.02,0.0,-2.1,-117.64705882352942,-35.6
РСХБ – Фонд акций,2026-07-31,9,PRMD,2.79,3.7,12.0,"денежный поток < 0 · P/B 4,5",1.42,1.0,26.8,146.15384615384616,-10.1
РСХБ – Фонд акций,2026-07-31,10,NVTK,5.33,2.0,12.0,прибыль падает,-0.05,0.0,6.5,-62.91793313069909,-1.6
РСХБ – Фонд акций,2026-07-31,11,MOEX,1.6,2.0,12.0,прибыль падает,0.0,,21.4,-27.965043695380764,-9.5
РСХБ – Фонд акций,2026-07-31,12,TATNP,3.41,2.0,12.0,прибыль падает,-0.1,0.0,12.0,-48.18686703691605,-16.1
РСХБ – Фонд акций,2026-07-31,13,TRNFP,4.7,2.0,12.0,прибыль падает,-0.49,0.0,7.7,-21.411192214111917,-17.4
РСХБ – Фонд акций,2026-07-31,14,TATN,4.45,2.0,12.0,прибыль падает,-0.1,0.0,12.0,-48.18686703691605,-18.7
РСХБ – Фонд акций,2026-07-31,15,HEAD,5.05,2.0,12.0,прибыль падает,-0.65,0.0,549.2,-14.754098360655732,-20.8
РСХБ – Фонд акций,2026-07-31,16,VTBR,1.76,2.0,12.0,прибыль падает,,,18.3,-9.639454511488877,-27.5
РСХБ – Фонд акций,2026-07-31,17,X5,5.26,2.0,12.0,прибыль падает,0.8,0.0,97.8,-13.89645776566757,-29.1
РСХБ – Фонд акций,2026-07-31,18,OZON,5.37,2.0,12.0,ROE 1%,1.32,0.0,0.6,,-31.9
РСХБ – Фонд акций,2026-07-31,19,RTKM,0.54,2.0,12.0,прибыль падает,1.65,0.0,5.1,-24.99999999999999,-33.0
РСХБ – Фонд акций,2026-07-31,20,NLMK,0.78,2.0,12.0,прибыль падает,-0.33,0.0,7.1,-48.19376026272578,-34.8
РСХБ – Фонд акций,2026-07-31,21,LENT,2.15,0.7,12.0,"P/B 2,5",0.58,0.0,21.2,55.91836734693878,21.4
РСХБ – Фонд акций,2026-07-31,22,GMKN,4.36,0.7,12.0,"P/B 2,6",1.41,0.0,18.5,34.06862745098038,-0.7
РСХБ – Фонд акций,2026-07-31,23,YDEX,8.95,0.7,12.0,"P/B 11,0",0.46,0.0,40.3,40.13875123885033,-6.5
РСХБ – Фонд акций,2026-07-31,24,PHOR,1.14,0.7,12.0,"P/B 3,5",1.78,0.0,42.9,2.490039840637448,-10.2
РСХБ – Фонд акций,2026-07-31,25,PLZL,1.86,0.7,12.0,"P/B 12,5",1.07,0.0,115.6,2.6797385620914937,-34.6
РСХБ – Фонд акций,2026-07-31,26,SBER,8.53,0.0,12.0,,,,22.7,7.901390644753481,-9.3
РСХБ – Фонд акций,2026-07-31,27,SNGSP,1.16,0.0,12.0,,-9.39,0.0,18.7,311.83800623052963,-9.4
РСХБ – Фонд акций,2026-07-31,28,T,8.55,0.0,12.0,,,,29.1,44.607843137254896,-15.5
РСХБ – Фонд акций,2026-07-31,29,DOMRF,8.3,0.0,12.0,,,,21.6,35.21341463414635,
Фонд Природные ресурсы,2026-07-31,1,RUAL,7.17,10.0,12.0,"долг 7,1 EBITDA · денежный поток < 0 · ROE -7% · прибыль падает",7.07,1.0,-7.2,-200.611620795107,-19.9
Фонд Природные ресурсы,2026-07-31,2,FLOT,7.77,7.0,12.0,денежный поток < 0 · ROE -15% · прибыль падает,0.61,1.0,-14.7,-212.55411255411252,-3.6
Фонд Природные ресурсы,2026-07-31,3,CHMF,1.12,6.0,12.0,денежный поток < 0 · прибыль падает · P/E 25,0.16,1.0,6.1,-78.6096256684492,-36.0
Фонд Природные ресурсы,2026-07-31,4,LKOH,9.1,5.0,12.0,ROE 3% · прибыль падает · P/E 44,-0.31,0.0,2.8,-88.32807570977918,-21.8
Фонд Природные ресурсы,2026-07-31,5,GAZP,9.16,5.0,12.0,денежный поток < 0 · прибыль падает,2.09,1.0,5.9,-26.488706365503077,-24.9
Фонд Природные ресурсы,2026-07-31,6,VSMO,1.97,4.0,12.0,ROE 0% · прибыль падает,0.92,0.0,0.1,-98.44378698224851,-16.3
Фонд Природные ресурсы,2026-07-31,7,ROSN,9.14,4.0,12.0,ROE 3% · прибыль падает,0.0,0.0,3.2,-72.97047970479704,-17.1
Фонд Природные ресурсы,2026-07-31,8,NVTK,8.98,2.0,12.0,прибыль падает,-0.05,0.0,6.5,-62.91793313069909,-1.6
Фонд Природные ресурсы,2026-07-31,9,TRNFP,4.18,2.0,12.0,прибыль падает,-0.49,0.0,7.7,-21.411192214111917,-17.4
Фонд Природные ресурсы,2026-07-31,10,TATN,9.48,2.0,12.0,прибыль падает,-0.1,0.0,12.0,-48.18686703691605,-18.7
Фонд Природные ресурсы,2026-07-31,11,GMKN,9.38,0.7,12.0,"P/B 2,6",1.41,0.0,18.5,34.06862745098038,-0.7
Фонд Природные ресурсы,2026-07-31,12,PHOR,9.79,0.7,12.0,"P/B 3,5",1.78,0.0,42.9,2.490039840637448,-10.2
Фонд Природные ресурсы,2026-07-31,13,PLZL,6.87,0.7,12.0,"P/B 12,5",1.07,0.0,115.6,2.6797385620914937,-34.6
Фонд Природные ресурсы,2026-07-31,14,SNGSP,5.88,0.0,12.0,,-9.39,0.0,18.7,311.83800623052963,-9.4
Фонд Сбалансированный,2026-07-31,1,FLOT,4.54,7.0,12.0,денежный поток < 0 · ROE -15% · прибыль падает,0.61,1.0,-14.7,-212.55411255411252,-3.6
Фонд Сбалансированный,2026-07-31,2,LKOH,10.49,5.0,12.0,ROE 3% · прибыль падает · P/E 44,-0.31,0.0,2.8,-88.32807570977918,-21.8
Фонд Сбалансированный,2026-07-31,3,ROSN,3.28,4.0,12.0,ROE 3% · прибыль падает,0.0,0.0,3.2,-72.97047970479704,-17.1
Фонд Сбалансированный,2026-07-31,4,NVTK,12.49,2.0,12.0,прибыль падает,-0.05,0.0,6.5,-62.91793313069909,-1.6
Фонд Сбалансированный,2026-07-31,5,TRNFP,6.39,2.0,12.0,прибыль падает,-0.49,0.0,7.7,-21.411192214111917,-17.4
Фонд Сбалансированный,2026-07-31,6,TATN,12.06,2.0,12.0,прибыль падает,-0.1,0.0,12.0,-48.18686703691605,-18.7
Фонд Сбалансированный,2026-07-31,7,HEAD,9.32,2.0,12.0,прибыль падает,-0.65,0.0,549.2,-14.754098360655732,-20.8
Фонд Сбалансированный,2026-07-31,8,OZON,5.02,2.0,12.0,ROE 1%,1.32,0.0,0.6,,-31.9
Фонд Сбалансированный,2026-07-31,9,CNRU,3.29,0.7,12.0,"P/B 15,3",-1.56,0.0,50.9,56.47058823529414,5.8
Фонд Сбалансированный,2026-07-31,10,GMKN,6.71,0.7,12.0,"P/B 2,6",1.41,0.0,18.5,34.06862745098038,-0.7
Фонд Сбалансированный,2026-07-31,11,PHOR,4.6,0.7,12.0,"P/B 3,5",1.78,0.0,42.9,2.490039840637448,-10.2
Фонд Сбалансированный,2026-07-31,12,PLZL,7.0,0.7,12.0,"P/B 12,5",1.07,0.0,115.6,2.6797385620914937,-34.6
Фонд Сбалансированный,2026-07-31,13,SBER,9.56,0.0,12.0,,,,22.7,7.901390644753481,-9.3
Фонд Сбалансированный,2026-07-31,14,T,4.45,0.0,12.0,,,,29.1,44.607843137254896,-15.5
Фонд акций с выплатой дохода,2026-07-31,1,RUAL,1.67,10.0,12.0,"долг 7,1 EBITDA · денежный поток < 0 · ROE -7% · прибыль падает",7.07,1.0,-7.2,-200.611620795107,-19.9
Фонд акций с выплатой дохода,2026-07-31,2,FLOT,2.45,7.0,12.0,денежный поток < 0 · ROE -15% · прибыль падает,0.61,1.0,-14.7,-212.55411255411252,-3.6
Фонд акций с выплатой дохода,2026-07-31,3,MGNT,1.2,7.0,12.0,денежный поток < 0 · ROE -22% · прибыль падает,2.92,1.0,-21.7,-170.06802721088434,-48.9
Фонд акций с выплатой дохода,2026-07-31,4,CHMF,1.08,6.0,12.0,денежный поток < 0 · прибыль падает · P/E 25,0.16,1.0,6.1,-78.6096256684492,-36.0
Фонд акций с выплатой дохода,2026-07-31,5,AFKS,1.2,6.0,12.0,"долг 4,7 EBITDA · денежный поток < 0",4.68,1.0,128.6,,-42.8
Фонд акций с выплатой дохода,2026-07-31,6,MTSS,1.28,5.0,12.0,денежный поток < 0 · капитал < 0,1.97,1.0,-300.5,20.13651877133107,-12.8
Фонд акций с выплатой дохода,2026-07-31,7,LKOH,9.35,5.0,12.0,ROE 3% · прибыль падает · P/E 44,-0.31,0.0,2.8,-88.32807570977918,-21.8
Фонд акций с выплатой дохода,2026-07-31,8,GAZP,4.09,5.0,12.0,денежный поток < 0 · прибыль падает,2.09,1.0,5.9,-26.488706365503077,-24.9
Фонд акций с выплатой дохода,2026-07-31,9,ROSN,3.59,4.0,12.0,ROE 3% · прибыль падает,0.0,0.0,3.2,-72.97047970479704,-17.1
Фонд акций с выплатой дохода,2026-07-31,10,NVTK,9.18,2.0,12.0,прибыль падает,-0.05,0.0,6.5,-62.91793313069909,-1.6
Фонд акций с выплатой дохода,2026-07-31,11,TRNFP,3.55,2.0,12.0,прибыль падает,-0.49,0.0,7.7,-21.411192214111917,-17.4
Фонд акций с выплатой дохода,2026-07-31,12,TATN,8.85,2.0,12.0,прибыль падает,-0.1,0.0,12.0,-48.18686703691605,-18.7
Фонд акций с выплатой дохода,2026-07-31,13,HEAD,6.52,2.0,12.0,прибыль падает,-0.65,0.0,549.2,-14.754098360655732,-20.8
Фонд акций с выплатой дохода,2026-07-31,14,VTBR,1.81,2.0,12.0,прибыль падает,,,18.3,-9.639454511488877,-27.5
Фонд акций с выплатой дохода,2026-07-31,15,X5,4.87,2.0,12.0,прибыль падает,0.8,0.0,97.8,-13.89645776566757,-29.1
Фонд акций с выплатой дохода,2026-07-31,16,OZON,4.63,2.0,12.0,ROE 1%,1.32,0.0,0.6,,-31.9
Фонд акций с выплатой дохода,2026-07-31,17,NLMK,1.09,2.0,12.0,прибыль падает,-0.33,0.0,7.1,-48.19376026272578,-34.8
Фонд акций с выплатой дохода,2026-07-31,18,SVCB,2.5,2.0,12.0,прибыль падает,,,15.0,-35.317460317460316,-38.1
Фонд акций с выплатой дохода,2026-07-31,19,GMKN,2.75,0.7,12.0,"P/B 2,6",1.41,0.0,18.5,34.06862745098038,-0.7
Фонд акций с выплатой дохода,2026-07-31,20,YDEX,2.44,0.7,12.0,"P/B 11,0",0.46,0.0,40.3,40.13875123885033,-6.5
Фонд акций с выплатой дохода,2026-07-31,21,PHOR,0.58,0.7,12.0,"P/B 3,5",1.78,0.0,42.9,2.490039840637448,-10.2
Фонд акций с выплатой дохода,2026-07-31,22,PLZL,7.26,0.7,12.0,"P/B 12,5",1.07,0.0,115.6,2.6797385620914937,-34.6
Фонд акций с выплатой дохода,2026-07-31,23,SBER,8.21,0.0,12.0,,,,22.7,7.901390644753481,-9.3
Фонд акций с выплатой дохода,2026-07-31,24,SNGSP,4.7,0.0,12.0,,-9.39,0.0,18.7,311.83800623052963,-9.4
Фонд акций с выплатой дохода,2026-07-31,25,T,4.77,0.0,12.0,,,,29.1,44.607843137254896,-15.5
Фонд российских акций,2026-07-31,1,FLOT,4.36,7.0,12.0,денежный поток < 0 · ROE -15% · прибыль падает,0.61,1.0,-14.7,-212.55411255411252,-3.6
Фонд российских акций,2026-07-31,2,CHMF,1.02,6.0,12.0,денежный поток < 0 · прибыль падает · P/E 25,0.16,1.0,6.1,-78.6096256684492,-36.0
Фонд российских акций,2026-07-31,3,RAGR,2.11,5.0,12.0,денежный поток < 0 · прибыль падает,2.65,1.0,7.7,-48.75346260387812,-0.7
Фонд российских акций,2026-07-31,4,LKOH,8.71,5.0,12.0,ROE 3% · прибыль падает · P/E 44,-0.31,0.0,2.8,-88.32807570977918,-21.8
Фонд российских акций,2026-07-31,5,POSI,2.33,3.0,12.0,денежный поток < 0,1.72,1.0,29.9,98.90710382513662,-30.9
Фонд российских акций,2026-07-31,6,NVTK,9.12,2.0,12.0,прибыль падает,-0.05,0.0,6.5,-62.91793313069909,-1.6
Фонд российских акций,2026-07-31,7,TRNFP,6.3,2.0,12.0,прибыль падает,-0.49,0.0,7.7,-21.411192214111917,-17.4
Фонд российских акций,2026-07-31,8,TATN,9.49,2.0,12.0,прибыль падает,-0.1,0.0,12.0,-48.18686703691605,-18.7
Фонд российских акций,2026-07-31,9,HEAD,9.53,2.0,12.0,прибыль падает,-0.65,0.0,549.2,-14.754098360655732,-20.8
Фонд российских акций,2026-07-31,10,OZON,8.17,2.0,12.0,ROE 1%,1.32,0.0,0.6,,-31.9
Фонд российских акций,2026-07-31,11,CNRU,5.62,0.7,12.0,"P/B 15,3",-1.56,0.0,50.9,56.47058823529414,5.8
Фонд российских акций,2026-07-31,12,GMKN,6.52,0.7,12.0,"P/B 2,6",1.41,0.0,18.5,34.06862745098038,-0.7
Фонд российских акций,2026-07-31,13,YDEX,3.32,0.7,12.0,"P/B 11,0",0.46,0.0,40.3,40.13875123885033,-6.5
Фонд российских акций,2026-07-31,14,PHOR,4.93,0.7,12.0,"P/B 3,5",1.78,0.0,42.9,2.490039840637448,-10.2
Фонд российских акций,2026-07-31,15,PLZL,5.91,0.7,12.0,"P/B 12,5",1.07,0.0,115.6,2.6797385620914937,-34.6
Фонд российских акций,2026-07-31,16,SBER,7.26,0.0,12.0,,,,22.7,7.901390644753481,-9.3
Фонд российских акций,2026-07-31,17,T,5.28,0.0,12.0,,,,29.1,44.607843137254896,-15.5
